x1,x2,x3,x4,x5,x6,y
-0.9944715124896109,0.4210808574788535,-0.24024485531241002,-1.0,1.0,0.7030359198796198,7.171668075844943
-0.5188046458482534,-1.0,-0.518984012221765,-1.0,-1.0,-0.3391377212004578,3.3499870014961415
0.2329646575021049,-0.5256921708848693,-1.0,0.7289956422036158,1.0,0.06334814577616603,-1.337006418805971
0.5016496661678616,0.5342737185856059,1.0,1.0,1.0,-0.21200881881134978,-2.776266226407733
-1.0,-0.9728618034239355,-0.5075643087443955,-1.0,1.0,-0.10079110516103035,0.5867931920298447
1.0,1.0,1.0,1.0,-0.284022755059719,0.6226862686148313,-2.577234293549675
0.03175417480203803,1.0,-1.0,-0.21624405657643359,-0.5603728678897402,-0.823381882380088,3.09991460484477
-0.37660807291988707,0.7343146494812023,-0.6855626679055522,-0.8922005919808579,-0.23572534661916722,-0.20958215633496707,-1.0792077519258076
-1.0,-0.22480368070943357,-1.0,-0.8918705322889566,-1.0,-0.7150477653005236,-0.05558494938758815
0.25354495570155167,-1.0,0.9168460484592856,-0.5562055909670718,0.37068904605725933,-0.3676046099007733,3.314303856200694
0.27941752876092396,-0.15386678430084827,-1.0,0.575057036594942,-0.9763544597106787,1.0,6.477235738854549
-1.0,0.30631008517694536,-0.7944733928995444,-1.0,0.6366289059894796,0.14114919289325933,0.4814390204082209
1.0,-0.017462562197089304,0.00877801707230974,0.5388414259518003,-1.0,-0.11711324970220416,2.822446021133961
-1.0,-0.18004895488356776,-1.0,-1.0,-1.0,-1.0,2.745548858898361
0.20052812247939544,-0.6508230098237338,-0.6731212572374455,0.132226581560461,-0.06625378835958873,-0.4630650580725884,0.663409870206147
-0.9444604794278282,-0.8371704277540242,-0.28850450757351176,-1.0,-1.0,-0.5753952444665776,3.5716934298092617
-0.719546667677408,-0.46536872054008216,0.6169425481093492,0.6259116514182501,-0.2312158353816871,-0.31135018944269466,-0.6612566224441332
-0.042404362592917355,-0.27835854803418525,-0.20956516286049148,0.3167758456149437,1.0,0.4083755796425066,-0.13730029499229612
0.14899130751318745,0.43946890694936463,-1.0,0.6297968187358938,0.3800323681594916,1.0,6.108057252720183
-0.21350048212488415,-0.6676897932374555,1.0,-1.0,1.0,0.1758725349699123,-1.7583168340188
-0.20697001819888466,-0.36174999268753283,-0.6508579486957812,-0.03339276974560701,0.3849207806971361,1.0,5.350589439888713
-1.0,-1.0,-1.0,-0.060054126111683814,-0.01362860969459323,-1.0,3.721569058976658
0.41936518672773715,0.9244366567349902,1.0,1.0,0.3316802905539502,1.0,-5.982097925747406
-1.0,-1.0,-1.0,0.07337959697120144,-1.0,-0.9972052824686932,-0.5321356884870607
-1.0,0.24118910187189813,-0.35513209834932635,-0.6084072800998211,-1.0,1.0,0.9716232792679314
-1.0,-1.0,-0.7924722992711806,-0.32760616287209404,-0.43222963234747647,0.32874881208629914,-4.185158894832725
0.19429837715158027,0.052462282516307635,-0.11487338015423743,1.0,1.0,1.0,5.302121164479949
-0.7743781502870587,-0.4138928843526456,0.957475593716783,-0.11251781300957703,0.3915443238469162,0.5334801978343906,-0.1490451719006648
-0.431593980791297,0.3256051472837206,-1.0,0.008754143761498301,-0.11186344501731704,1.0,8.449085477116075
-0.7959825230993052,-0.8664709694728904,-0.7130639414137847,-0.1446468064289519,-0.3444199227279428,-0.5217868478918354,-1.5300755529934178
0.8942813885257686,-0.0622607289417903,1.0,1.0,1.0,1.0,-6.12465319816315
0.35991747449997513,0.11156818267031032,0.4517323207400832,1.0,-1.0,-0.9278097171606129,4.199498132602503
-0.7782627020417272,-1.0,0.00941824408533054,-0.25671924957062175,-1.0,-0.013115241592476234,-0.9435169584314997
0.8127448791707432,0.3872678677794599,1.0,-0.1541189336606776,0.8576304413518272,-1.0,-2.1366748985893254
1.0,0.5663630547695415,0.8957939152571464,0.5549482036351716,-0.5983771382383722,-0.15095535818604233,2.237200169546133
0.3368411992577376,1.0,0.43702155512180685,1.0,0.586353755446587,-0.3901743754355411,-2.164819317961485
0.2778200829667437,1.0,1.0,1.0,1.0,0.8807363174207395,-6.578766168738233
0.05786482269951354,0.7654408919772852,-0.17618474948704477,-0.1302045840401187,-0.8381125317086755,-0.7224394515733812,1.490123282387815
0.40723183229894067,0.305573126359628,-0.8545892334287102,-0.9614329715269335,-0.03321882832672766,0.9122266994586571,4.917922201715319
-1.0,0.15156098000953144,-1.0,0.32670914984466515,-1.0,-0.7423102354133839,0.19133765417152038
0.9366875360733389,-0.3263939469781664,-0.4661918879021732,1.0,1.0,0.2651792143488607,-2.807002800676815
-0.26916009660199136,0.9779675362879647,1.0,1.0,-0.07563187314745334,1.0,-5.561353588399
-0.06620202496376515,0.23254778546151345,-0.03613670249648249,1.0,-1.0,0.2716562419460752,1.254663702890126
-1.0,0.22945047131988827,0.0896223275777066,-0.8767346803072581,-0.4371230875348755,-0.6968037769812492,-0.3249435200668595
0.995715766443164,1.0,1.0,0.7635024251091995,-0.03869485918433427,0.9802337276417066,-5.102606919557495
-0.6397546005862677,-0.2893446460865791,0.9284543983045656,-0.12369938058900387,-1.0,-0.9999934935445969,-0.38615779922783294
-1.0,-1.0,-0.7209891558238885,-0.4096583572108541,-0.8558898143327576,0.4967286462302729,-4.527198273446354
-1.0,-0.15747078983951912,-1.0,-1.0,-0.5835643459904074,0.878772288487408,3.2489859733012554
0.3601471055359424,0.06560676299274948,0.24667768494108655,0.5315554155057713,-0.2576686040559506,-0.40370388349511543,0.9605899790312908
-1.0,-0.29254470164796276,-0.5938124718891999,-1.0,-0.4624261563690185,0.9189676932565298,1.044015887220729
0.46989888854695916,-0.23829232104345333,-0.9434469457687756,0.14244244546202,-0.3597358458497686,-1.0,3.743397853891762
0.5799733170456075,0.3537472149005365,-0.17463983569757757,-1.0,0.3418505336232289,-1.0,1.3136812965650966
-0.9203664352136902,-0.011819664565906773,-0.7813979826791919,-0.7747701052576319,0.13352548453744606,-0.1871874770563411,-0.9608969487703143
1.0,0.48205237865140627,0.9159940891217104,-0.963181094136517,1.0,1.0,-2.701511926713402
0.4734845423910321,1.0,0.6725422985125258,0.07644621550508379,1.0,0.9254132509540391,0.1424751628528601
-0.9311514678046137,-0.9187767651686596,-1.0,-1.0,0.42908837472418515,-0.9190044891668171,2.37797197574789
1.0,1.0,1.0,1.0,0.8077207633234916,1.0,-9.557270121941375
-1.0,-0.6029034331038085,-0.7499331684753436,-0.4415876584780423,-0.20952497916352808,-0.3666976131439598,-0.8602569753871124
1.0,0.7965002259974304,0.3717602328364402,0.36616220007003486,1.0,0.7907549860983212,-0.902243158626369
0.40558689701844797,0.6964242631993409,-1.0,0.47096404649525037,-0.24817105286022423,1.0,6.546994136619516
-1.0,0.0007195832834189786,0.8264978997461387,-0.7461297078844826,-0.7713017365680148,0.5848206793370735,-3.400836496402773
0.0236910796756864,1.0,1.0,1.0,0.5128017737176618,-0.9471581396704898,-3.3403435568742803
1.0,-0.24223916495338793,0.21157144027133923,0.43217415405465043,-1.0,-1.0,8.55398893509946
-1.0,0.11495758962402575,-0.10811932526606002,-0.3746296450542277,-0.9237534562219973,-0.03142902977525974,-2.227205779294582
-0.5401928878950568,-0.9166088685854805,-1.0,-1.0,0.4824782767715523,-0.8448336990513144,1.1333247812417349
0.10351122728775414,1.0,0.3031021280866473,-0.4790836125610768,-1.0,-1.0,1.1101463397044442
-0.02479948146931002,-0.6055703017982741,-0.928102928298908,0.9515615673396185,0.30062589524581074,1.0,4.8915688733621066
1.0,0.2998131656955414,1.0,-0.14944875090131515,-1.0,1.0,3.4439588629148683
-0.21185316553037176,1.0,-1.0,-1.0,0.5838294654437852,-0.4752324778260338,0.9149220140388125
-1.0,-1.0,-0.16246506677288508,-1.0,-1.0,-0.858966962734624,4.801718721591622
-0.43105857944974574,-0.8829855309238456,1.0,0.7907532021088383,0.9264216698651402,0.8491420286590471,0.190412748168393
-0.6975217669745014,0.37180162572804787,-0.007493519673040558,-1.0,0.15409850479333448,0.7841164486795027,1.7906924261152246
-1.0,-1.0,-0.41873997044702416,-0.41179727483228495,1.0,0.07615089901266517,0.37868969565871335
-0.3723387308019497,1.0,0.8914625673647594,0.5268023061878907,-0.20403792666900133,1.0,-3.5529425481509733
-0.5133703920639432,-0.7942973908356337,0.46770262855996436,-0.13240023293302428,-0.34958784182405145,1.0,-0.5790247558824708
-0.4612499238249149,-1.0,-1.0,-0.780859847882181,-0.25010574734940766,0.5973027099708006,-3.084880298601059
0.13039617043886775,-0.320500239216881,1.0,0.9928634710315603,-0.35418770118301846,-0.37566566962959114,0.2144140693305958
-0.1049921989305645,-0.31976688922039465,0.14526999067302337,0.07727291542546261,-0.7141719125898358,0.2523913665292644,-1.10990735276324
-0.13707524899809506,-0.3552329506492933,-0.6612969417053058,-0.7495296629186242,1.0,0.7964372053234225,2.629042915438769
-1.0,-0.29218922919394896,-1.0,-1.0,-0.2964988275430789,1.0,4.166571120744658
1.0,-0.26016010594461164,-0.20568472164768598,0.8774146481445895,-0.9812738970322648,-0.08690279472684881,3.1802119916436062
-1.0,-0.12145024105960656,-1.0,-0.557080928347731,0.10221473765148192,0.2165494275071005,-0.33136887735652143
1.0,0.17495684482243945,-0.5379490565775432,0.5363557160579926,1.0,0.5867624603319863,-2.216448184478781
0.688317789470065,1.0,1.0,0.878453245984925,-0.5186172240288347,-0.06696999993198127,0.27199357220437825
-1.0,-0.4818453310148758,-1.0,-0.9220312168640223,0.6743349261444436,0.010520285695574838,-3.698519716020317
-0.9545950631251944,0.24190182474592992,0.22185328107191693,-0.5522004787176678,0.8771727384253565,0.9431197623832925,4.726303696976863
0.26710111487098454,0.9484994005423926,0.3211989149990442,1.0,1.0,0.8276836417684041,-0.12376853885275446
-0.49793727520511033,-1.0,-1.0,0.1152211044833868,0.2041665407443999,1.0,3.6582692890598567
-0.5777738697990688,-1.0,-1.0,-0.8678343504566299,-0.30736286746192365,-1.0,3.2409782982405813
1.0,0.8589832231292984,1.0,1.0,0.121593075351625,1.0,-5.052201558956018
-0.7474845153380483,-0.9292077743685996,-1.0,0.4743640531555818,0.6117356350164238,0.5509106082356471,-1.097246855744886
-1.0,-0.8633852734585656,-1.0,-1.0,1.0,0.7932780667681909,-2.9390931069206063
0.6036104798135926,-0.02800985567707756,-0.5728376963556545,0.6986180431668145,-1.0,-0.654988664521746,2.6576546528769205
-0.9097645082255179,-0.42244400526676906,-0.4650194818439688,0.5572604658584428,0.626985910311467,1.0,4.847728723832849
-0.4534333082493799,0.3899189324323121,0.739663712775819,-0.5913143078829337,1.0,0.14302608927123245,0.9834969337579249
-1.0,-0.8513060375141166,-1.0,-1.0,0.08310706852272398,-0.2142331178200867,-5.034361856324732
-1.0,-1.0,0.1401280494659698,-1.0,-1.0,-0.493771570541171,4.489918195885897
-0.5868054719930491,0.5940673395836069,0.5147011133416802,0.1128961936202261,1.0,1.0,5.063483178421698
-0.17669951406605788,-1.0,-0.7252372864792076,-1.0,-0.13715380129700538,0.3408574257447349,-3.6141726831178977
1.0,0.9617622630385407,-0.38938870200164666,0.7639060453423143,0.7014841834251317,0.621272606865799,-0.769020963416589
-0.13016861762684406,-0.47919000903822995,-1.0,-0.9208822798865539,-0.9933395324516225,0.15071241637631036,0.3951784856539766
-1.0,-0.8746425838660916,-0.984772431872292,-0.5837032660205888,-0.7577830721892835,-0.8690784213429414,1.2414324109216297
-0.23477989518473708,-0.8217139389883481,-0.6233188560170707,-0.7310628468272051,-0.16168261983903975,0.3791745044790123,-2.068744627156841
0.6179039137212651,1.0,-0.3632308852813711,-0.19796114567211015,0.041392888492674196,0.14750246306947834,1.433441251067142
0.11123192172708007,-0.8559677877269743,0.3709582575923479,-1.0,0.050865868817579374,-1.0,7.384978391648437
0.5958464553531035,0.20957964439945975,0.9764629645441809,1.0,-0.09605109810492254,0.12977694411534202,-1.427168842552869
-0.8297424037690206,-0.8306317901763083,-1.0,-1.0,-1.0,-1.0,4.546572154170671
1.0,-0.4440415665968298,-0.5145011163087341,1.0,0.545255221559419,1.0,1.6687417173988632
0.3696893508931105,0.7512487711985469,1.0,0.14589232983701533,-0.648779566692343,0.5212291520762129,-2.1415420340913234
0.562930761219946,0.5594751837657661,1.0,0.5019938206411002,-0.002997753013909671,-1.0,2.1096855979804827
-0.4097552865719992,1.0,1.0,-0.5221352872848352,0.5978481838887114,-0.10367227546443125,-2.7027317602289944
0.34862812530272125,0.9814408240170831,0.23584465729897108,0.024764611891515464,0.4452840632415743,0.7919541503152888,1.711296698314037
-0.5609011017602271,-1.0,-0.573374612252803,-0.5234696281879276,-0.8923911604207262,-0.7488489300078345,0.16402720980201502
-1.0,-0.5922489461620217,0.1895127634444388,-0.9552142798781798,0.7845042261413944,0.6027864776969479,2.559243251856481
-0.38794404635201285,-0.7943892270481024,-0.7707125980350091,-0.3373403394677614,-0.2771633047224267,-1.0,3.26887812699202
1.0,1.0,-0.02981489304935686,0.3748943085917119,-0.6746480610911318,-0.016598167328663746,3.226365056826772
1.0,0.1515147032098959,0.9630792752864284,1.0,-0.016310774592926958,0.3236639057117985,-1.5108934700785788
0.17354593367885252,0.7213505331615673,1.0,0.8221889499904707,-1.0,1.0,-1.3422607900551045
-0.024797172296824155,1.0,0.6530074641739829,1.0,-0.41656262511584863,-0.32695491079028594,-0.4076558196791923
1.0,1.0,0.7295208548078114,1.0,-1.0,-1.0,9.888408434789065
0.33483490105709957,0.6004837266568008,-0.23663987880136317,-0.1522504034543397,-0.7062635561795714,-0.7392882400354824,1.2008856963990289
-1.0,0.207920966218965,1.0,0.16601831010435975,-1.0,-0.08712984281294933,-3.418948981497258
-0.07475586324499539,-0.7803484674595482,-0.7084062859923941,-1.0,-1.0,1.0,8.393302934149853
-0.20598661287148332,0.2771358329448822,-0.9166141604825649,-1.0,-0.0198030734312602,-0.7488713532481834,-0.26153897288414657
-1.0,-1.0,0.18826190166040702,0.4626885361431081,-0.932262184712625,0.07772410291213233,-0.8707715446797069
-0.949779596511412,-0.3872520947183734,0.07721125286269176,-1.0,0.3800172755653788,0.5276305628736606,0.040516972068678825
-1.0,-1.0,-0.35642624576037907,-1.0,0.9790677160120846,1.0,1.6525490180608047
-1.0,-1.0,-0.7325192210422593,-1.0,0.8667493992188343,0.019223861391875152,-5.039975922414014
-0.2563436146531783,1.0,-1.0,0.7663489609808543,0.038350414776521236,-0.8916216472971715,5.1971972277624445
1.0,1.0,1.0,1.0,0.07559687525739914,-1.0,0.6923363944301898
0.11472325363977609,0.3372914296349072,1.0,0.03268153253683992,-0.9926565924368588,0.11616914833482164,-1.2876991375357765
-0.3961571771675246,-0.9184016568997969,0.14054093296866715,-1.0,-0.31291874642025097,-0.7974388302444595,4.329576716617858
-1.0,-1.0,0.30002038987750057,-0.1262927145744835,-1.0,0.5857850859009887,-2.5091139002701817
-0.49026877853712236,0.2467248811204727,0.5346729711955589,-0.4541097627214697,-0.6920392787236418,-1.0,0.432545291198128
0.8387617227206096,1.0,-0.7460166131616014,0.05576709078872005,0.46267863174543933,-1.0,0.6001933964569768
-0.7419338069392388,-0.225461808304874,-0.4884659427280204,-1.0,-0.3084009057687407,0.07516168081221886,-0.6530550408991286
-0.9543466290058629,-0.22227611854523022,0.6559280846538936,-0.28525800555387865,0.7807433655326148,1.0,1.3233870703781427
-0.9924825475178913,-0.48023014113443474,0.06242521764388176,-0.2286404042531105,-0.07837429487585024,1.0,-0.06857377885038007
0.7277129463653388,0.2041615357886264,0.46407663548050543,0.4694430245110107,1.0,-0.7556036912382628,-1.1634935110722133
1.0,0.4350737844004145,1.0,0.9594263150275779,0.8610266293408657,0.7219121431677421,-7.403282524701653
-1.0,-1.0,-0.6931961515621254,-0.33689289143483175,1.0,1.0,2.9175026384629064
-0.4971657226765257,-0.46524577536590495,1.0,1.0,-0.583993585879754,-0.5578864310234639,-0.7308195498492052
0.4779363604578596,-0.4977804293704329,1.0,0.269402833466052,0.07345167045540324,0.5879832512132388,-1.1159044495828712
-0.5718455914482192,-0.003187920339877248,-1.0,-1.0,-0.9138626630588051,-0.5447641857786989,-1.183153025630546
1.0,0.5297256130752315,-0.22097550914363517,0.3123260686004206,-0.06506895871364049,-0.805520999813296,2.6690558599190193
-1.0,-0.010865876366024096,-1.0,-0.2165153811585694,-1.0,-0.876900818707805,-0.256140187057328
0.7829073851923474,0.09486616739828113,1.0,1.0,0.4031940275827351,-0.158695703130169,-1.5839507202140355
-0.6418402670878453,-0.6271624679606843,-0.5479351751194739,-1.0,-0.5682634178719786,-0.37902831953367444,-0.396308878244262
-0.4982390766810388,-0.061001019232123255,0.27730236104081213,0.6261073579126796,0.548537368523758,0.43946021189878226,0.7874875438068586
-0.3104218268235044,-0.10239781864320374,-0.5100543159876638,-0.3912036022654982,-1.0,-1.0,0.6632084643779679
0.28490036714305966,0.020682362609730998,0.2297136153873205,1.0,0.8419352286497682,0.774124893917681,1.0617273317435336
-0.08075283594899174,1.0,1.0,1.0,0.14908805678815357,0.7703084048049553,-6.239086276926133
0.06182471922392663,1.0,1.0,1.0,-1.0,-0.5862051027767992,-0.17156708588751823
-1.0,-1.0,-1.0,-0.6751482253455882,-1.0,-0.17933505766762314,-3.686289143298551
-1.0,0.08135233415636434,-0.12829586646673818,-0.5456717194116781,1.0,-0.2585025101918296,3.3311015502476415
0.29028609478915623,-1.0,-1.0,-0.6419077140045717,-0.26552533504016806,-1.0,2.4537619301806997
-0.12539441352007263,-0.40445056161597304,-1.0,0.6797566342735266,1.0,-0.9938921133528273,-0.49601935387407625
0.4814002319095423,1.0,0.9234099055343268,1.0,-1.0,0.1359309063538484,0.7932683742102927
-1.0,-0.09835456611108351,-1.0,-0.05497104565071456,-0.15622482352343475,-1.0,6.5899282334865745
-0.23776707298243233,1.0,1.0,1.0,0.8419458792274951,-0.3143631294818853,-5.578067320594724
-1.0,-0.5286678121507787,-0.8886121405190249,-0.32005564089183813,1.0,1.0,5.811487816321271
0.34710566706760027,1.0,0.7708671534926494,1.0,-0.014610117775453735,-1.0,0.9486223493419693
-1.0,0.07949147514090427,-1.0,-0.667199927803973,-1.0,-0.8470413823124943,-0.4893965786733469
-0.11916813721085845,-1.0,-0.2726948252198764,-0.3590515649930395,1.0,0.5537150035323712,-1.1448288375162998
-0.972454558158893,0.8512188932332331,-0.0018452763715108844,-0.7194900439843571,1.0,1.0,8.19377705969243
-0.7814980683228901,-1.0,-1.0,-0.91861186673197,0.892172366057338,-0.8637686357254977,0.5649399001091531
-0.05484185734220248,0.14587325971886278,-1.0,0.13051369419353936,0.1129649668678514,1.0,6.810914765265546
0.5859778082388933,1.0,1.0,0.9872115762257456,-0.21615132909029744,-1.0,1.9803422494558993
-0.9010226484510682,-0.9873569362684087,-0.12122632903988184,-0.3963725027732665,-0.6632177186571984,0.28036463040810844,-1.3414112865067316
0.24795487446287978,-0.12503880654708394,-0.5138669165053121,0.6736403251303364,0.8800025778197345,0.9939121995301627,3.9836305463015327
-1.0,-0.8506941119020945,-1.0,-0.7462144011087997,0.6717358785478778,-0.5173091628633018,-3.3444926455724455
-0.5417515926064495,-1.0,-1.0,-1.0,0.49296588420589527,-0.2641962752390238,-4.734187493444098
-0.17805128073114668,0.2120886697110081,-0.0057378482265835196,-1.0,0.5540882289058184,-0.2054782033795649,1.0524538858947208
-1.0,-1.0,-1.0,-1.0,-0.26260430571372173,-0.7938566831428233,-1.0826928005325245
-1.0,-0.555048151857642,-0.01576371457610115,-0.5452991810152739,1.0,0.13336202958086485,2.389676123533307
-1.0,-1.0,-1.0,0.355205627127298,0.8825558859180632,-0.5427425004322648,-2.2970102651691535
1.0,-0.7166760729284927,0.4257764316205719,0.12854738171189206,-0.6584832690534108,-0.37493729932822495,3.8408075778277504
-0.9248744955053643,0.47368997877422114,-0.7849040532661333,-0.18264879294663516,-0.7202708060585135,-1.0,1.81654179099054
-0.13416349270014294,0.4545474216343739,-0.6267756191512995,-1.0,0.023964887121100325,1.0,6.055505402355929
0.1658573326374677,0.3997117405202,1.0,0.5869024548415602,0.46348859892846317,-0.6921514869385589,0.0424699986571846
0.7134995513701305,1.0,1.0,1.0,1.0,0.651978939956307,-9.122982499479656
0.07387283274099145,-0.028555980753343903,1.0,0.07403307394745462,1.0,0.36002520297839724,-1.1807627086450507
-0.7633085829101054,-1.0,0.8126954144119893,-1.0,-1.0,0.1491907772640298,3.144661391382981
-0.5278108955082,-0.06794908965590551,0.3033663047516123,0.7307789374214625,0.68983278224056,0.6211425241476514,1.4293416271620827
0.5051948433295009,0.7184602482615243,1.0,0.005946262957898796,-0.807783610190588,-1.0,1.7801189330605267
1.0,1.0,1.0,0.31698340493784216,0.4565265586716553,0.5089116451696506,-4.983440011476322
-0.07143255911512869,-0.15053374076403656,-0.7056495500601502,-0.3487413874492624,-1.0,-1.0,1.4271433858220974
0.8915577146884364,-0.5836300308033098,-1.0,-1.0,1.0,1.0,-3.4174212878064587
0.8456852002309168,1.0,0.7958394312896749,0.4445455299432851,-1.0,-0.3803646361776828,2.4398593088054654
1.0,0.6344032081724003,0.4283059148818822,0.7116531266286725,-0.32145996441974856,0.2607039920076401,0.4621920730950573
1.0,1.0,0.9927968676269192,0.5640866307713558,-1.0,0.37471764467564495,2.141229420828087
0.028009128731318667,0.4596817367815138,0.7062091835549356,1.0,-0.2512188062697736,-1.0,1.8573638808136954
0.7146680150387086,0.7012119273201878,0.09466865832120555,-0.11619508829159197,0.28041333775684324,-0.3627352845441709,-1.1820705283471789
0.5109241090981858,1.0,0.6056849049316423,0.43983365111809414,-1.0,-0.7291480382996403,1.2632459919722807
0.9995765665526039,0.4407766669000841,-0.8210969833939641,-0.09152407600548895,-0.06752037131338451,0.8564879867084911,4.166587575852369
0.7744502170397145,1.0,0.5691694073056088,-0.740211728231414,-0.6264563944005723,0.33483315860304214,2.1066673221029997
0.5672661233803638,0.7638478640197608,0.7288267229002203,0.4935334949832119,-0.5060966106720279,-1.0,3.845722053860432
1.0,1.0,-0.11203814286845615,-0.03431284605403229,-0.75000074852557,-0.5511550318593843,3.2358776986799156
1.0,1.0,0.9156949383757031,0.11512512040036715,0.3769639492365092,1.0,-4.079031822027747
-0.13579738085228021,-1.0,-0.8312034826847001,-0.7772579314126984,-0.9167478991279671,-0.9547542611275261,4.505475129138353
1.0,0.3824332679344744,0.8523720241539492,1.0,-1.0,-0.5171342343712237,5.530194918210111
0.5497164150964741,0.10460036902134917,1.0,1.0,0.7870793227108139,-0.3463913987375638,-2.567478723269284
1.0,1.0,0.5252621632960857,1.0,0.41011358567540324,-1.0,2.584699368587614
0.5701096373720623,0.18781500350469743,-0.828997870560187,-0.699909707579644,-0.45264024130729574,1.0,7.119926598249352
-0.6827111454986334,-1.0,-0.4231860037686521,-1.0,-0.6111927474481308,-1.0,4.503444859394691
-0.4090665450272061,-0.7892636123698757,0.14458340577002854,-0.4333423139650037,-1.0,-1.0,2.7850625943156406
-0.15214842166789955,-0.7820074065009068,0.3318016421349272,-1.0,1.0,0.27805458570408526,1.2582011197841867
-1.0,-1.0,-0.2778735012043083,-1.0,1.0,0.7975850279975814,0.07426093640876918
1.0,0.09318507721157043,1.0,-0.33390622095626704,0.7491998494011547,0.11839254128571652,-2.653251007134399
0.5502657866298134,-0.3173809976636606,-1.0,-0.19571931778114574,1.0,0.49636121534523436,-1.6738369099732133
0.44364119205535013,0.6113146488069423,1.0,0.9405507259227239,0.15682259741797414,0.6470703763400725,-3.561123077915019
-0.27269675931014903,-0.9827017199695686,0.18780246105781018,0.1669677594128175,1.0,-0.3679804363580722,1.7880793536894426
1.0,0.6864705968132525,1.0,1.0,0.9221738631018391,0.9631442418714302,-7.362891187147678
0.2566288355437214,1.0,0.5765774834507238,0.04621151591214567,0.5659872028653082,-0.017826022797707175,-0.436309279748311
0.1640244966607447,-0.617775361394882,-0.007274267184675748,0.43648726018766637,-0.6944563724459789,-0.04303762837291225,0.5989867877203816
0.5763049972449796,-0.3101293312450317,-1.0,-0.5189093087042516,-0.532983561862312,-0.7883220720144265,2.8943603333163646
0.5846907977211926,1.0,0.6517659985938165,-0.8448094656067259,0.3986667099496794,-0.049525844205097425,-2.23735662706656
-1.0,-1.0,-0.028393999304982986,0.08301982789711637,-0.8487272023777312,-1.0,1.6493384166493283
0.5771237478459463,0.6203797330669095,0.232247433743206,0.7325709793890101,-0.4883503728628149,-0.31549701990669377,1.9895128002712954
0.20112750116742506,-1.0,-0.5579894235977696,-0.7910664175341636,0.8216109801727096,-0.4546143998771716,-1.0606575746822462
0.05278814803379217,-0.2532108105124308,0.2549669276031536,0.6894560869779154,0.9559774298381581,0.7858014113699412,1.1985732424576356
-0.668709169402207,-0.2990992894986346,-0.14010907840415343,-0.11015850799478877,-0.01964581009393629,0.20000030491843324,0.10452426577242077
-0.5122287055909016,0.6384534917325944,0.9274815494458745,-0.2964229972518304,-0.8609139037592488,-1.0,-1.2013347065570366
0.451266694851865,-0.05729609271251723,0.5344068890187067,-1.0,-0.5180008567547474,-0.05453579735398528,0.3755349183475968
1.0,0.09681691603964504,-0.18792215616454389,0.944110878786469,0.1321096770654075,0.8439396063898531,1.1048154844460256
0.8666020870267939,1.0,0.24005840414679147,1.0,1.0,0.4296556568155264,-2.7977225783158173
1.0,0.3594365839347915,0.23609143693810475,0.38005872484569514,1.0,0.3034736653889176,-2.0687275727108947
-0.6522970468941502,-1.0,-1.0,0.32474398326317794,0.9395535420083488,0.15238786027524376,-3.0602650396691966
-1.0,-0.8707345114401298,-0.7248621724560995,-1.0,1.0,0.05958285196463012,-2.1657794734295095
-1.0,-1.0,0.21400850280808548,-1.0,-0.7233916725928503,-0.8778298168125995,5.2370243286829465
-1.0,0.5157638002225637,0.9997138017798879,0.23129404778197038,-1.0,-1.0,-1.4383141462277567
1.0,1.0,0.4892924824638527,-0.05274197226766271,0.3076528158477536,-1.0,1.5833391924233364
-1.0,-0.9294024229967905,-1.0,0.5576207607471022,-0.003637538085269121,-0.9837024667447297,1.9620231414160951
-1.0,-0.1377098075631884,-0.7667548466783463,-1.0,-0.18347952841196602,1.0,3.7485054445825488
0.5556415111047279,-0.41404228802204013,-0.2028089818089973,-1.0,-0.39960256438966296,0.5131492029787157,2.1677822600108296
-0.6486636118978173,0.10899888084881915,-1.0,-0.9793581366953182,1.0,-0.24624161556868118,0.6746156382582956
-0.4254155654272751,-1.0,0.2839547204448181,-1.0,-0.9484886454750675,0.49166063056388876,2.3111013539236107
-0.5297394036774694,-1.0,-0.494676088624383,-1.0,-0.07145959960586468,-1.0,3.334975597549492
0.18180882214216876,1.0,0.84786302840022,-0.8613348438581183,-0.7163316564611708,-1.0,-1.411005488778265
-0.7296952598423765,-0.6923464982646859,-1.0,-0.9340061804059805,-0.9685918737584531,0.777273002151496,1.3012363032742007
0.9949356108987899,1.0,1.0,1.0,0.732323206879097,-0.9224584006941747,-4.1020173247679965
-0.6485292519364827,-0.8587897336585595,-0.27183456265169936,-0.18381265261641577,-0.3988767660858765,-0.06938041288714003,-0.6058226626106622
1.0,-0.26880535740882056,-1.0,-1.0,-1.0,-1.0,8.301395965446716
-0.050871408940105,-1.0,-1.0,-1.0,0.772200674711018,-1.0,1.2676104085498388
-0.19303574166216908,-0.04722676003177173,1.0,0.33986941551804367,0.08679115581816636,0.690931567784815,-1.4049708043096338
1.0,0.42583278781785716,1.0,0.9408060359886231,0.18356684078960617,0.4771474100672074,-3.3772014082780206
1.0,0.8235837440338369,1.0,0.1744427865571887,-1.0,1.0,1.9907106273685242
-1.0,-1.0,-0.4724946911918908,0.4741268765807461,-1.0,-1.0,-0.7276617075955845
-0.5096171676596903,0.0221437076146907,-0.9496571265189494,-0.09230936698257186,0.8401721457292857,1.0,8.368651327960155
-1.0,-0.12053273990144331,-1.0,0.1630748096982635,-0.9205187969061209,0.13065523154424336,-2.6362580476201676
0.46531415941270793,0.8250469979369655,-0.013222029926196477,1.0,-0.8525290151341739,0.8916401225484126,4.038557982365932
-0.27026953332868997,-1.0,-0.8162618834968032,-1.0,-1.0,-1.0,5.267019421249417
1.0,1.0,1.0,0.786819411390008,-1.0,-0.3996963059581391,5.316003343749483
0.3568149592395641,-0.09225324745516228,-0.545317486677082,0.6418269903369733,-0.2926559794577893,0.10091233760223284,-0.6349986161256289
0.43339987612953257,0.41524713283293857,1.0,-0.05369444340078666,-0.39602168674293914,0.6973639700348268,-0.5217054742451518
1.0,0.8805140832939208,-0.5482424909755592,-0.2576970886298847,-0.6468487573256954,-1.0,4.519580025185291
0.8924752422459623,-1.0,-0.3685227045787806,0.8949630623000511,1.0,0.45654682319736795,-2.8548077264242377
-0.7678420343311205,-0.7317632945239385,-0.23687685322389396,-0.18103834696769405,-0.44481311725204475,-1.0,2.2665617689105026
0.5289931144264719,0.9864512734374851,1.0,1.0,0.3112237498793229,1.0,-6.964350540462507
-0.08319556202890954,-0.15602081499657694,0.8616621942158876,1.0,-1.0,-0.5977502399450484,-0.09109235268363432
-0.7328935171784732,0.10405032414683879,-0.6183765409816082,-0.6826102794051613,0.3392101045750842,-1.0,3.703689933518284
-0.9653063665680838,0.5807752902426134,-0.2179626212758603,-1.0,-0.19591715049203584,1.0,3.177601183820013
-0.6797976006662837,0.5032264548123699,0.5390630888086904,0.20284544776339541,-0.4715605220754442,0.41168943568950295,-0.6027370309449651
-1.0,-0.5933099632804315,-0.45276836636872764,-1.0,-0.02620018895591636,0.6204069848166753,-1.9978240176414763
0.6037778978186663,-1.0,0.12322972936700138,-0.0437940710622895,0.29301617054711027,-0.054396947804500995,-0.44698750606848925
-0.3059155514877425,-0.1107015474028874,-0.3281560215175704,-0.5241562125474741,-0.09485779483369927,1.0,3.0436905112447405
-0.7602463711676203,-1.0,-0.0893230941615959,-0.783040503788238,0.6462903229200871,1.0,0.558872040452025
-0.3960482008219589,0.1280997523442048,0.49493724889803464,-1.0,-0.23847697965224007,-0.8503891484280349,1.7055742970075536
0.23041415295136958,-0.16347273568155554,-0.036049995884734676,0.37759098782005773,0.3233871919490859,-0.39617881518047093,-0.2346654201302363
-0.3551432446287882,-0.9371914697554611,-1.0,-0.43688433230889173,-0.2022622700049266,-0.007904549601698452,-3.63644051052262
-0.601277964066937,0.18983162557833394,-0.384919494597056,-1.0,-0.6034920164603054,-1.0,0.014681767284590364
-0.37627794999659203,-0.12757493593344413,0.16448100150910575,0.8345933493495753,0.7156795462934029,0.8706191855593981,3.102874310783406
-0.3242776315826422,0.10470437284740175,-0.7918318084275553,-1.0,0.6236313740756259,1.0,5.821138661411188
-1.0,-0.47976665438631216,-0.657822489744793,-0.43796330650733484,-0.9805936462299789,0.6999288429100003,-1.3108200950405569
1.0,1.0,-0.9913182666057998,1.0,0.3494442604003878,-0.9009903806483779,2.028190408383458
-1.0,-0.10612791146208128,1.0,0.6541077784797373,0.08924705376853292,-0.25069077054768096,0.1282277945118081
-1.0,-0.3026417329576082,-0.14331707007998867,-1.0,0.29815251869791215,1.0,1.0192136341696507
-1.0,-1.0,-1.0,-0.7011101210973225,0.8175738641638837,0.20863575217869834,-5.882321204927633
-1.0,-0.04795228227173841,0.17908272629723365,-1.0,1.0,1.0,6.020938371166165
0.5562841748004579,0.3302655134422644,0.2915906027399357,-1.0,-0.6757575352457574,-0.6999223261328558,2.777182350580584
1.0,-0.380897526596824,-0.16515183546439993,1.0,-0.7138306879743308,0.11225299322479576,2.808501069151661
-0.011579105518463195,1.0,1.0,1.0,0.7534723085086737,0.7562943282193578,-7.010998170667571
1.0,0.07471144359731596,1.0,0.328235243579136,-0.8116440243930219,-1.0,7.117351506809788
1.0,1.0,1.0,1.0,-0.2861025041783486,0.019663331387993213,-0.9017551312605324
-0.6466964260228696,0.3999366439032706,0.5474370675120261,0.5757936329409539,1.0,0.006998297783698204,0.9657276803171615
-0.13988908155029245,-0.5045420504558926,0.38940965927250437,-0.7799229205086928,-0.3646194728052288,0.11060302983286988,0.5906879854912477
0.06350362945388821,0.013899759654855126,0.6774451698013135,0.25986114493957446,-0.9361487942177498,0.33624156990266785,-1.2701318643223019
1.0,-0.03665763101062891,0.7353821952101305,0.3936792205061995,-1.0,1.0,4.686055399445554
-1.0,-1.0,-0.4134859523735663,-0.6748447967873912,-0.7347473942783118,-0.7438473026550751,1.7702308623522693
-0.21302792191383846,-0.5547831077675953,-0.2303660240921555,0.75979114957079,-1.0,0.6306893393277768,1.9181100227433898
-0.3592147496513827,1.0,0.8158585483796064,0.25044125943270007,-0.4997135516527563,-0.36760183585566397,-1.5084988791395335
-0.5150513157015282,0.5034749509604555,0.5237247294728513,1.0,-1.0,-1.0,1.8860952212327697
0.9379558001993589,1.0,0.9182618431350323,0.6908029831525693,1.0,-0.3999326702359675,-6.690588351165574
-0.7748334642929628,0.036002519118626175,-0.33833556884050514,-1.0,1.0,0.8337707634208491,5.861500742613348
0.496915811072871,-0.22765730723042832,0.34748445619416957,0.621077428767838,1.0,1.0,0.03605966684241557
-0.6018571203225089,-0.6591722523790193,-1.0,0.15777684172242057,-0.47479411311416597,-0.2607492885591678,-2.5304449754928133
0.14845389636668838,1.0,0.10287286215904279,1.0,0.03513426548237397,-1.0,3.659702091267426
-0.22657396383777134,0.5129435659394304,0.17503995504059283,0.6292661320503814,1.0,-0.6789298746971207,0.6065543352435039
1.0,0.8327870839415104,1.0,0.16271786425501,-0.35563316923209487,-0.6642770599925494,1.8347008601108787
0.1941298600295247,1.0,-0.5902154168782082,-0.36164208933284814,-1.0,-0.28810748659794383,1.8016612251401831
-0.5807230543072388,-0.5603023795383902,-0.21690570232497078,0.878668692777149,-0.7551810443853058,-0.9444461888647393,0.474717671791823
0.15654891159358275,1.0,0.16442898941544556,1.0,-1.0,-0.7031600906344029,3.917908315963827
-1.0,-0.6793192473925442,-1.0,-0.7309644414205474,0.49463585226510615,1.0,4.09403337555369
1.0,0.09503269802013081,0.15467177538850407,0.9509876853571327,0.6182049552308995,0.536284831456314,-2.143270422361665
0.16445740770431694,-0.7348747630787156,-0.689124233259585,-0.9308355977973015,-0.08561834745395755,1.0,2.1957113225362104
0.5872810279006703,0.2969072203824952,0.17931597006413014,-0.3491827358101551,-1.0,-0.5695045985002269,2.376298329854885
1.0,0.9239578401771035,-0.6509253278159834,0.4113400717264336,0.0467764114498469,0.593628585279668,1.9534160198303372
1.0,1.0,0.5749469862261547,1.0,-0.071112127579221,1.0,-0.35465707681022124
0.40432622747863783,0.5692002634879294,0.5557674149485355,-0.13862280311570613,0.19610223554027306,0.16989041528864757,-1.445748860787028
0.10182315199330239,-0.47215193272034384,0.8139333533164159,-0.13765901708033007,0.7518931692598027,1.0,-0.715344051605757
-0.06073460434314393,-0.38312762615343493,-1.0,-1.0,-0.5855124848305502,-0.19288390245530307,-1.2586822054765707
-0.23293317243691436,-1.0,-1.0,0.8915145842364673,-0.4302680000526598,-1.0,-1.4447886264755059
-0.19691305228210304,-0.6710078226526113,0.7103757306147842,0.16854172805598971,-1.0,0.18056135136482387,-0.333511623740856
1.0,1.0,0.450755562882293,1.0,0.6817045792592449,0.7778232315831084,-3.028421219959933
0.24539536154136932,0.8348972010591221,0.4214546291365642,-0.3108816199809149,-0.434434207917381,0.045386232176330414,-0.044696190190355395
1.0,0.9326551503746832,1.0,0.3378602437018714,-1.0,-0.4810408057748454,3.262219229848973
0.7181530321197449,0.06540725427537397,0.20287701875876804,0.7126243199247985,0.7807363813387351,-0.3075303682384173,-0.14380143452282423
-0.40113147395758475,0.4831365864091568,-0.513713565967577,0.06470397208997464,1.0,-0.7040978746924242,2.1995868788566275
0.05962252647355015,-1.0,-1.0,-1.0,-1.0,-0.8597490177981668,6.13979886679765
1.0,0.8239077787911342,0.16278451953244066,0.7766075167150657,0.40855797221804124,0.8466823134541169,-0.6244806153745732
0.003572889590189754,-0.7145092246874181,-0.5334051797268067,-0.9584603021615965,-1.0,0.07810270283132886,3.2860332704243675
0.3656782445460308,0.9526854655593352,0.904778557833479,-1.0,1.0,1.0,2.044258259520484
-0.24184592101152358,-1.0,-0.602873937211273,-1.0,0.7989531649761402,0.6431515479570824,-3.4048293481806446
-0.12053376960214024,-1.0,-0.5244156121223642,-1.0,1.0,0.2578485501023503,-1.4388327762096893
-0.9071832131552231,-0.20811861236583562,-1.0,-1.0,-0.16632876554768986,1.0,4.256129229985636
0.059382137606130314,-0.41305070754894946,-0.2685038853819369,-0.10184664893502177,-0.293445656684411,-0.8175667642353708,1.7751431392940684
-0.9203352125330679,-0.4858003004856286,-0.49122145695304714,0.5409915679182442,-1.0,-0.20809778327993522,-2.3851045775457496
-0.38130353628020197,-0.5733404403344764,-0.4838061528817228,-0.8502668491477874,0.3314752297690926,-0.6746365899289772,1.9945706572975048
-0.40788095139558034,-0.8256535380935308,-0.3172233473021735,-1.0,0.6867765816923481,0.5112540163095245,-1.2777846895258138
-0.26688181856924964,-1.0,-1.0,-1.0,-0.827290281119326,-0.20513523429039882,-0.005902856941047363
-0.04432005003377715,-0.7067929682986533,-1.0,-0.8558650654518088,-0.7626391900713013,-1.0,4.299212561979281
1.0,1.0,0.610153097695415,1.0,1.0,0.9266522817979819,-5.368151864856979
0.1670267635179421,0.8754703022822394,-0.5682034980568259,0.5108241870216841,1.0,1.0,7.351265964040162
-0.46955294378024953,0.614036585365178,-0.28451263150523376,0.35791224308389524,-1.0,-0.33395505722077967,-1.442026581184782
0.4583759012099786,-1.0,-1.0,-0.45463901785703986,-0.3635472068661323,1.0,2.2108868397500188
0.10282047481205836,-1.0,-1.0,-1.0,0.10695111248734324,1.0,-0.13774529824623094
-0.051091869875124374,0.23356367320103444,-0.09954195749911166,0.8291921555751489,0.17191095663261735,1.0,4.527456106591742
0.7918888571089215,-0.6388472110980257,0.4781908666863839,0.17255432136206061,0.05982361496409709,0.463477827893637,-0.4068403401203191
1.0,1.0,-0.4334442421625279,0.982583787068146,-1.0,-0.5748817587430654,9.332164828387656
-0.14989065334756446,0.1505860219649504,0.3360198830923399,0.5008522356080244,0.995697940126572,0.3135027537691992,1.1495716466078607
-0.36804818830731123,-0.2671959446536522,-0.4173556786620935,-0.06999408417265673,0.3216885604575366,0.8616957634237389,3.2421169010767352
0.28945789147797185,1.0,-0.175198647106245,0.12616699694415318,0.42484838894442456,0.17354284423698763,1.0381430039113653
-0.3667175319811205,1.0,-0.54236928822471,-0.14630350588907937,-1.0,-0.6431853092130435,-1.0205973885794803
-0.8920240178364409,-1.0,0.9503933041003765,-0.29012101888125036,0.310296317191763,-0.554596708763168,5.246817985740757
0.22027097598346868,-1.0,-1.0,-0.6021898411570512,0.68314391117504,0.9989540573429995,-0.476511537345809
-1.0,-1.0,0.9182530581146031,0.4625577634048764,0.6462083722187253,0.49823135637253124,0.8804555729574133
-0.4733735523630647,-0.9020686030599951,-1.0,0.34883195365416364,1.0,-0.03850580155515829,-3.416293455561493
1.0,0.2874439753995077,1.0,0.6672666942414194,0.020296085516282036,0.5634553644121555,-2.13576974881973
0.7493336585819916,-0.19417358827284392,0.4569280673015377,0.6251122687960348,-0.33327018843117795,-1.0,5.179467101851356
0.3500242405508408,1.0,0.5301752332948056,-0.28569141427812117,0.9636824180159804,0.4371126462180319,0.16427478407881768
-0.8855780578769817,1.0,0.1233711450794247,-0.5320664341159427,0.8407772406131948,-0.024782961948150772,2.2622850684229787
0.6034165698891898,0.22743316495751414,1.0,0.2791518604307952,1.0,1.0,-2.7282610886616125
-0.1772183726136568,0.3625199516602471,-1.0,-0.6420007821603628,1.0,0.7149046363295112,4.823813647623866
0.3552219920485846,1.0,0.5191483279862785,0.7962511028051835,-0.9296066154050259,-1.0,5.01285039927105
0.4125164237144763,-0.016763482666474927,1.0,-0.34969758183485183,0.15257838661247058,-0.3566841362077628,0.038787776600483326
1.0,-0.3290571160885156,1.0,0.8999111215492552,-0.19025093233418677,-0.20575091875465423,0.4359994335717411
1.0,1.0,0.16105369828265442,0.24854139517903062,1.0,0.6768351692638068,-2.4160573243371073
1.0,1.0,1.0,0.509747713338391,0.5307611890469724,0.8047083009684528,-6.3236036747589175
-0.4272152870189011,-0.5536995914735099,0.06283271060499596,0.5714311565662032,-1.0,-0.802186326471291,0.4140162100812862
1.0,1.0,-0.4913631243999295,0.9418986139864527,0.504950109459855,1.0,2.7820026319762263
0.1741172628716412,0.2655190503507754,1.0,1.0,1.0,1.0,-1.6629678006671966
0.29300003112330186,0.8033114453631569,-0.5648345641112347,0.6911684891649471,-0.07440187246924673,0.8870532164644254,4.19711777462041
0.45708936547725254,-1.0,1.0,0.04002203464055776,-0.08792152810181775,0.1520237894706883,1.8350281600305873
0.12221872746811546,1.0,0.3473657133447048,1.0,0.9870784015411542,0.7452154198452048,-0.7684632401676461
-1.0,-0.6718450741533935,-1.0,-0.40008181001580523,-0.6639776601810337,-1.0,3.673318621310444
0.677588110399116,1.0,0.9727610871872823,0.5105550983970263,-0.181858868576108,-0.8823903277888214,0.20859927431351927
0.37343992368020373,1.0,1.0,0.7914144123746328,0.3563190510364498,-0.2777086749128468,-2.955822125785359
0.2689673896780076,1.0,0.9637117963397668,0.8951463399944197,0.32329169665487,-0.47005841867690346,-3.605178921204379
0.13508272154909978,-1.0,-0.4448790692029516,-0.10968291112894857,-1.0,0.5024602537257595,1.320025895771425
-0.49946050060419317,-0.9423287286561475,0.7927152156193942,-0.5950656758698822,-0.4359532675509711,-0.27674596878183855,1.7684936237163469
0.658397860762761,0.7622016860460115,0.6356668941628443,1.0,-0.010632888084812997,-0.3585725142832804,0.4261334127786508
0.4519474245287487,1.0,0.20112752039750303,-0.6223424860494492,-0.7768347375814952,0.692483173183636,4.889031244467387
0.0870881158748783,-1.0,-0.10134509391363367,-0.14530710769401328,0.37501233418427393,1.0,1.6370006004218611
-0.8238005563569699,1.0,0.9623278697806644,0.28886439482721926,-1.0,-0.6314340513885941,-3.876962863298274
0.33301233966959054,-0.08525811625152357,-0.6461573070612264,0.6259324569221412,0.5209310368682587,0.285398626310963,0.8618491304453781
0.6910726612864196,0.6235019995642566,0.2152305416848379,0.7343798499565755,1.0,0.8636785305661241,0.43014576704224544
-0.4466780321114183,-1.0,-1.0,-0.21124483876805156,-0.5351188962024381,-1.0,1.6584395525708806
-1.0,0.007417669998608878,0.6303219929698183,0.29032474651916346,-1.0,-1.0,-1.0422588365138468
-0.3611908518357679,1.0,0.08415674761419079,0.6000948721773505,1.0,1.0,5.300737259469857
-1.0,0.11885245074053463,0.7133669454455862,-1.0,1.0,0.8181130798922317,2.1401139079038805
-1.0,0.43171446033017125,0.4386900301072613,0.7249058192961367,0.09199415603342326,0.3768966306241965,-1.1954982670913745
0.8444821884239048,0.14957480663901848,1.0,0.7032137799034834,-0.20577036014989347,-0.9732092813366106,3.6365847890969882
-0.2785539085137808,-0.4375998698124063,-0.6985755038220817,-0.20835509021010346,-0.11805673244528836,-0.33504946705551153,0.2714833072900195
1.0,-1.0,0.10447624236182784,-0.1492074353504566,0.49027072771712776,-0.42701580140421297,0.5442019957733937
0.5389888935189532,-0.030719050126823466,-0.6189067833440844,0.8420810165435425,-0.25202178241043205,0.5107087083697531,1.4392519311529604
0.2726317655649173,-0.1786841009814885,-0.49990473685022385,-0.4043232778007091,0.5630420985524127,1.0,3.320478283768182
0.36648455249630535,-0.06606966416641721,-0.39358450271144735,1.0,-0.4559418611646202,-1.0,2.9437475547540815
1.0,0.5988454616794743,-0.5748449898650086,0.952210937649714,-0.8229876063227929,0.11299005504743498,3.289268240525717
1.0,0.7790574125239327,0.7920491996744615,1.0,-0.21155685481058115,0.7736411183102617,-1.5568680512350945
-0.0305353142808239,-0.9634491885352121,0.31551477448245546,-1.0,-0.6824901432010785,-0.10678310786862459,2.99493769720981
-0.7313115160431114,-0.6941556160671878,1.0,0.6206900976697263,0.20208751732073682,0.07253332326158346,1.3526601499207982
-0.2874580112847531,0.18147998517757563,-0.5811461098806326,1.0,0.8830491347109726,0.46136592239698937,2.8153474710240953
1.0,1.0,0.9441378023139297,0.3307828156670106,0.8247364338801508,0.7770377426556436,-6.5043433731186235
0.5780567265701312,-0.40192911767685313,1.0,-0.45892366731812023,0.5967004513013334,1.0,-4.748024717818247
-1.0,-1.0,-0.8454596294046901,-1.0,-0.594441189870948,0.19176002311252316,-4.2555241832629935
0.4330646753035952,0.156613073975851,0.18468444069720757,0.9654022029380741,-0.5787361979071195,-0.4606124841672361,1.7938030580579007
-1.0,-1.0,-1.0,-1.0,-0.04757466828475182,-0.08258398137519277,-6.215177982701807
-0.3018352956684822,1.0,1.0,1.0,0.745437369426506,-0.691146050325028,-5.006256891490346
0.35332644177979283,0.13266369880932527,0.9856371918085468,0.2551734480437162,-1.0,0.3566552855952201,0.8959148790435502
0.6738070535593992,-0.20762950270115,1.0,-0.28017948357495337,0.5180123172174412,-1.0,1.1627771880130378
-0.9423870746064286,0.3238925480151853,0.25025708085892306,0.5648028728909031,-0.3272537006628607,-0.12912178645964234,-1.4406952501702093
0.7876183256013538,0.4435930725282752,-0.15772736159076411,0.8730971147185166,0.41025702442916234,0.22323183793026424,-1.052519019120019
-0.2939034794357922,-1.0,-1.0,-1.0,0.8163287011642786,-0.07693743366101065,-5.493248493738684
-0.7346874123777454,-0.15729572198364175,0.67060881464363,-0.42944398969619574,-0.026548582472505133,-0.35110859617989837,1.0281325330085092
-0.6671391246156303,0.39464297814414784,0.632694958879852,-1.0,0.5001354652399626,0.3299616568250171,0.6500071793065572
0.681864485218082,0.608297196999155,0.12365066210599382,0.7936096822412714,-0.8125664064605096,-0.26561192586063914,2.1837562956632337
-1.0,-1.0,-0.7708246467357012,-1.0,-0.5814573968043535,0.8382165925817181,-3.2408148398797993
-0.4172031022743527,-0.12435277580016976,0.8269618087144307,0.4223410759644316,-0.21474557697265972,0.7679788937941191,-0.8791987466048824
0.8798683920624107,1.0,0.19229315589777435,-0.16764004068554716,-0.3851671815125442,-1.0,3.700485266416055
0.14245726162384606,-0.3550896055440434,-0.6247992069293067,-1.0,-1.0,0.18042754283458134,2.1650963619692156
1.0,1.0,0.006348031234864049,-0.25997540029841715,-0.03775873435074961,-0.3575079441434639,0.39415516063953404
-1.0,-0.9083055341052537,0.5881857531988006,-1.0,0.8294947968495819,-0.5790610425406626,5.527455155678283
0.1090785790936426,1.0,0.9298874997254769,0.7948328258059427,1.0,0.8922787203129221,-4.6392471093228735
-0.19110939869430854,-1.0,-0.016562439092135672,-0.12550722079285825,-0.8642693345441824,-0.4326475457513431,1.2885212225194833
1.0,0.5267973830427218,0.31982302687277,1.0,-0.9781904975494822,-0.3143539032523899,3.968619441383992
0.4828681136285617,0.5582166577890342,-0.15115700175052182,-0.5665265017725516,-0.10927921151629622,1.0,4.501357551315218
0.05660367291743837,-0.060495150353496285,0.6251125853897525,0.07053237208433083,0.9719151859017341,-0.11902006483884492,-0.07801330069770923
1.0,0.7268705797385642,1.0,0.6822635914987787,1.0,0.807025648934198,-7.243811522193721
-1.0,-0.9357465406182708,-0.7140033147632256,-0.973993707638243,1.0,-0.23731495293390295,-1.2060403757512685
0.11604205604284856,-0.8931100038059359,1.0,-0.35909171487190483,-1.0,1.0,2.0997536736922044
-0.35956887665923354,-0.6403132058068455,-1.0,-0.398066638570452,-1.0,0.04314408469015196,-1.6473526523640458
0.914236884417339,-0.3948234279930035,0.8155510134421206,-0.7769936222953564,0.9210783990637639,0.18425643145238296,-3.5912763942421164
0.22292264177923338,0.40233761841271887,0.10310763036453696,-1.0,0.9734275833635806,0.6727297693846052,3.3699080596573867
-0.22435505933020283,1.0,-0.3425255827154957,1.0,-0.38139706271223234,1.0,2.592500721497723
0.23916665782904642,0.4631304748424044,-1.0,-1.0,0.9244366570353608,1.0,7.626299435312322
-0.5036998502380037,-0.0025050079664952207,-0.4979265906801184,0.3825092043806529,0.2569212366199775,-0.030983175153415088,0.7437845127471399
-0.17296098623512846,-0.8453389354279358,0.04674103709228561,0.7393593191755878,-0.05907025678727973,-1.0,1.786554378844571
0.6123754009921494,0.19838913784377793,-0.29586626022815915,0.583920995556834,-0.4754072570082686,0.5292148496130198,1.742454369709773
-1.0,-1.0,-0.8686536905505846,-0.9026711518423409,0.21530447662041607,-0.5573032092391647,-2.8858202898027754
0.7265298996067363,0.45653848783062184,-0.012066961963778683,-0.838483267070297,1.0,0.8127752622054439,2.5186634383009276
0.5184292410570155,1.0,-0.23024312072327882,0.5221287719643413,1.0,0.36753983246049865,0.6663365150312786
-0.3006417925303733,0.8360083822048645,-0.8517287271268632,0.1814199320940514,-0.3396505514714514,-0.039530913222273534,0.49742542231353826
-0.7198522566048429,-1.0,-0.9951668649118597,-0.2108020496567563,-0.9860628581886198,-0.5828648145733206,-3.7021179480230337
-1.0,-0.275411546759039,-0.8200519634109358,-0.4642776666083621,-0.7629944853150935,-0.6139169297598628,-1.2688008271973517
1.0,0.7983698140258528,-0.28557539755603817,0.3740811426751727,0.744197274617119,1.0,1.5914718257409053
1.0,0.9942530242781418,1.0,1.0,-0.14422308965569053,-0.13871898121278703,-0.35898136307790746
-0.9361805244498542,-1.0,-0.15299729486329278,-1.0,-0.8352751766392292,-1.0,4.958200963165674
1.0,0.6380213586264054,-1.0,0.3003171553090416,-0.649571156534398,-0.4757101709249556,2.792933345981462
0.30838774227697463,-0.6210508272317683,1.0,-0.16983329118388246,-1.0,-1.0,4.082682279968359
-1.0,-1.0,-1.0,-0.26387547656715626,-1.0,0.39829557318922243,-5.0966090738260625
-0.98230308873051,0.34840559436451696,-0.8335955196966265,-0.3974829771915212,-0.10578333180729002,-0.9316579971220619,3.241773190872446
0.9338293331776253,-0.2614501717555801,0.5129144457011842,1.0,0.4360776674393365,0.7322131798298956,-0.3717784873261071
-0.17135007757168388,1.0,-0.5997010251666877,0.30059003501312387,0.7502642122887975,-0.4694549741099412,1.3247024356689963
-1.0,-0.5565296206159174,-1.0,-0.7664625727818795,0.5566121522708234,-0.8773123737227111,3.8712044696939434
-1.0,-0.24179435087851187,-1.0,-0.20871867189625837,1.0,0.3878416346511968,-0.535663903284302
1.0,0.25606507164533987,1.0,-0.10255118154264464,0.578809553574454,0.8352292009796005,-3.6954296406306573
-0.09355958779691412,-1.0,-0.8893352718622238,0.5439681909108047,1.0,1.0,4.637457850106688
-0.9129897215949356,-0.34040426586735345,-0.438278070428456,-1.0,0.5514361002876271,1.0,2.66520633632527
0.10566448759570357,1.0,0.5321020682402003,1.0,-0.11780093661016022,-1.0,1.8360520848125705
0.7219086279602822,1.0,0.6794256406078079,1.0,-0.5328071141319917,-0.9163202623372315,5.548328430970345
-0.5168347584779136,-0.6523494573141719,-0.30052694833537386,-1.0,-0.5387970106345343,-0.40887863578480155,0.3858771832874305
-1.0,-0.17379820569524496,-1.0,-1.0,0.6751326697976132,0.7220498984547938,2.138746968136972
-0.34121589478991643,0.047166110171843356,1.0,0.274488603060393,-1.0,-0.6808814355899081,-1.3962928870460498
0.27597684613039775,0.45950752825982555,0.8692010625522646,0.48966320680440956,0.8367624245864435,1.0,-1.0391937202310366
-1.0,-0.45415072958528113,-0.4699909554023869,0.3633298251722118,1.0,0.6966293276799203,2.7052208599315137
1.0,1.0,-1.0,-0.19237320983026296,0.5512155305433228,0.4400781894741463,1.396847805961694
0.3572593025880857,1.0,0.268833614739665,-0.24425742391079036,0.6963628059479658,1.0,3.2220621074017455
-0.3565506098975197,-1.0,-1.0,0.7214750859028345,-0.04325148620782571,-0.4185069692115324,-3.3097907813449363
-1.0,-1.0,0.3155759418705768,-0.7554540326434718,0.4241660430247731,1.0,-1.5649961973884423
-0.005187202359670129,-0.09509858355248185,0.5911767146562503,0.6112437091275549,0.1589322807034036,0.44261250333389196,-0.44107857195465916
1.0,0.7659395204412054,0.6567695789228607,1.0,0.13933772674561193,0.12931928951706378,-1.9626725409470842
0.33922564809037525,0.3076087617208918,1.0,-0.5518797170361756,0.7547451675835443,0.10562709065065568,-1.3901702017683288
1.0,0.6467205201655739,0.6643442549865524,1.0,0.5479500140411389,1.0,-1.7121103211182565
0.937142972982161,0.030790652994507672,0.7808688667578766,0.4405718478840518,1.0,1.0,-2.0827272119973
0.3362036003821192,-1.0,0.4443271410340838,1.0,-0.15007075778451662,0.8856666620669789,4.2967347347416105
-0.28804411289490117,0.9381969885033786,0.35548380803600976,0.9082218351806487,0.7185549338832979,1.0,1.2699022981777945
0.7673900134653564,0.5340388086390911,-0.10043932589631299,1.0,-0.13519697711996906,0.973241514221342,2.9758557005989847
1.0,1.0,1.0,0.7934655053040636,0.35018020074439826,-0.9124994217861987,-1.2195580688508791
-0.6561376284274216,-0.508803829207828,-0.9263347833673472,-0.03803349548610013,-0.054271364420097196,0.8635545048779008,3.541859080110397
-0.8576654066382803,-0.3241825614248103,-1.0,-0.45544434015967483,-0.31472968702695503,0.7709962817503719,2.712168451060837
-0.028985352624033123,0.005776229184111942,-0.11425079317355649,-0.8174967685735397,1.0,0.01479122468995897,2.2167884837952023
-1.0,-1.0,-0.14795704313666852,-0.32205661613784464,-0.8604179890859925,-0.16324024013594696,-0.4591996924056836
1.0,1.0,1.0,1.0,-0.019221613900510526,-0.02961315242144663,-1.3444624984248184
0.8658230050681701,0.3652914728153549,0.6394921058823178,1.0,-0.2635515076795608,1.0,1.2534493970792375
0.03459878948422879,1.0,0.7684648946906667,1.0,-0.8086615366723255,-0.49193918055085617,0.6433917987860948
-0.3894083809095,-0.7522696299363665,0.9442396823388285,0.8775717937120857,-0.531262203269913,1.0,-2.079750741005249
-0.11887845288794452,-0.30431558520860613,-1.0,-0.8624454894054532,-0.12307896997900147,-1.0,2.6401137213006427
0.1997850588734642,-0.11659912542386669,-1.0,0.2100116230345037,-0.936204167715776,-0.6814013545347866,-0.07586768417470496
1.0,1.0,1.0,1.0,-0.4976401498667702,-0.05507743410729826,2.2623562529602674
-1.0,-1.0,0.17909381481934322,-0.11511461068146889,-1.0,-0.6848482629378072,-0.09911531376229388
-1.0,-1.0,-0.013383692294244964,-1.0,1.0,1.0,2.129571653468693
-1.0,-0.3668195752250012,-1.0,-0.3567517192908307,-0.7201014114869212,-0.7157162885057466,0.0008774201067045795
-0.9983800052415571,-0.8527222740058484,0.365227225924883,0.14479028194588883,0.22900613531444847,-0.7834007506311224,4.214867206765362
-1.0,-0.5033141971364882,-0.1384807382269796,-0.27001835270778507,-0.45347662383547943,0.09492471610125902,-1.5537838495468086
1.0,1.0,0.04051579983343623,0.9607489883093003,1.0,-0.3439612848628482,-1.078602973972993
-0.7670868900796035,-0.5906020889179437,0.17513539556181856,-0.7606588890134978,-0.6132510301001979,-0.4069658899442845,-0.33889528110579314
-0.3489941034044265,0.03159367421795717,1.0,0.08357443588283031,-0.08296295700230405,-0.03716376435148078,-0.21102297355591318
-0.45878864398191277,-0.8731026890499711,1.0,-1.0,0.10850075805813708,1.0,-4.592803337574337
1.0,0.7714854840139338,-1.0,-0.227009298925954,-1.0,-1.0,4.997063822410915
-0.09925882502050598,-1.0,0.32301182868996103,-0.5322007383209393,0.8735899173046808,0.09644678538104078,0.5742846396491575
0.9721785194092456,0.5442633724043747,-0.13712989890056693,-0.3946011704593138,-0.3802495551183448,-1.0,5.549430121050426
-0.06678361576972988,0.81689166689084,0.24923588267371494,1.0,0.10053957819313553,1.0,1.1883951028688755
-0.7639978032643495,-1.0,-0.8904693034467457,-0.5045989115822302,0.8131693683601149,0.5831713255837915,-1.9548467364640882
1.0,0.023656142088045895,1.0,1.0,-0.9385713380212022,-0.16973396886377468,4.913764951771033
-0.1365344686497466,1.0,1.0,-0.5674936749217975,-0.7377367478426373,-0.8513946827523908,-4.1630553113283675
0.22354161593227773,-1.0,-1.0,-0.5839221298882393,0.10706657625892435,-0.8286162238409834,1.0336822070137224
-0.9939370137146292,-0.5267696753489626,0.693316476610916,0.8243646087242854,-0.5959726889519243,-1.0,0.7966227839157577
-0.8709124962986703,-0.05003377593207192,-0.4443626085497856,-0.1880034639473922,0.23609711512233664,0.3715820575725968,0.05614386290165607
-1.0,0.45767941763434616,-0.039997260836866055,0.535613548754554,-1.0,-0.7233445265081975,-1.7625497044798188
0.08334548739998392,-0.22619397986711992,0.13475447576936767,0.4663959042823682,-1.0,-1.0,3.0893545360935852
1.0,0.7375562771995335,0.7107262544705133,-0.9968074322129933,0.7898067676040703,0.9920874704979816,0.27018519210002623
-1.0,-0.9480729819433267,-1.0,-0.36013830621551113,-0.01405692339129705,-0.6069235140766744,-1.214017353442505
-0.19132052586319925,0.3123118275590855,-0.19810801985388,0.5081654055306546,-1.0,-1.0,1.446406281290335
0.7749638867577774,1.0,0.24111902858150747,1.0,-0.3291285571800805,1.0,2.737413636543767
1.0,0.7675379448054449,0.39801910945846186,0.6201372246881309,-0.7224262977212561,-1.0,8.083157467836452
-0.37328188256958944,-0.19404979509909043,-1.0,-0.5689743783335168,1.0,0.9744783690864982,7.8998412978443
1.0,0.8617756283373363,-0.020153048183336852,0.13072227868328945,0.6882826590345252,-0.2021871504874858,-1.061507180246808
-0.48727505751874967,-1.0,-0.13303035341447522,-0.6816383667732488,0.6444489959333111,0.4913219594104612,-0.4453948467179203
1.0,1.0,0.4520910167726815,0.3694686474355522,-1.0,0.27471296235751386,1.2475652397883237
-0.08213938688586564,0.2156147622357816,0.8573430144950875,-0.6916270629225131,0.2521137033728271,0.9872215534839155,0.4743175699148442
0.773762744550447,-0.39807145061581944,0.687202491275205,-0.15124770603354212,-1.0,0.36761262892180363,1.8392302727451515
-1.0,-1.0,-1.0,0.09155217474088034,-0.35392673089109955,0.6921060319638412,-2.925412458382728
1.0,0.03286552652583885,0.23742145746492826,0.6749579910405945,-0.1953621049823857,-1.0,6.683951459689806
-0.6236265428609284,0.914444295568682,-0.8967363031544725,0.13193058433016047,-0.8188763784057055,-0.3156708298818739,1.3007443830406498
1.0,1.0,-1.0,0.5869648242017177,-1.0,-0.11345024473851506,7.6317575581334545
-0.44861209298714255,-1.0,-1.0,-0.7103143135512289,-0.1963853388930371,-0.5725581442661672,-1.3152535585304
0.1446688559600542,0.921641072934775,1.0,1.0,-1.0,1.0,-2.214455679666534
0.6372068704583318,-0.6017903540695382,1.0,0.0036010307090580396,1.0,-0.7966371489022959,-1.0013697997695123
0.9922534091610393,0.42596580214733987,1.0,1.0,-0.20469641752185208,0.015071316175395366,-0.20026548039596848
-1.0,-1.0,-0.1683571719311474,-0.25494388907476795,0.15987886691134934,0.4125710336305504,-1.351283943356424
0.28708620318481326,1.0,0.07741504899932738,0.7367313757897577,0.35756735118007255,-1.0,1.915004064245384
-0.22258005500322064,-0.4951149032972788,-0.03769507314367382,-0.32437637749794046,-1.0,-1.0,2.7167198789369027
-0.9482137499804253,-0.2519786157248397,0.27956245711202,0.7020797471379344,0.10004639843903873,0.17516458165581206,-0.47849870693464003
1.0,1.0,0.9180074798105662,0.03133419093313816,-0.6162948460916534,-1.0,2.6226581180811483
-0.8849108521334998,-0.671916891649693,-1.0,-1.0,1.0,1.0,3.3280319108574212
-0.6531726218416083,0.14105653367451323,0.6075561622557073,-0.22555959954920174,-0.7232330294365443,-0.5107036339857166,-0.4874654588510363
-0.14862430940036392,-0.1784312006440507,-0.8767595485006882,-0.38699663490296066,0.1292278010274518,1.0,5.524176046091491
1.0,1.0,0.877673076681108,-0.14801661449080994,1.0,-0.12615626775442756,-3.3514509723789496
0.8792620975314533,0.12147448866776756,0.9646323030277536,1.0,-1.0,-1.0,7.44359625534187
0.6600840694270387,0.2691007998470448,1.0,1.0,1.0,-1.0,-4.64865419677864
-0.6539455538005545,0.49520693529423365,0.31217245341058086,-1.0,0.8501145485258954,0.8694250777284167,4.23896250390097
1.0,-0.5329651812903531,1.0,0.5334575589689126,-0.7753053534748876,0.45002986073966805,3.9281093541938863
-0.5719582107713221,-0.1021548216135989,1.0,0.9027007671564584,-0.637616779857016,-1.0,0.6492507734382288
0.2437195670149751,1.0,-0.5053093096865915,-0.2841654295921161,-0.9656448779367466,1.0,9.852482178515928
0.7645681178705007,-0.019680030992945213,0.16721019577180746,1.0,-0.10309093532295693,-0.3696151840862838,1.2815475630565296
-0.541533241810872,-0.7344432110213305,-1.0,-0.9397212284822343,0.3764835997957495,-0.8133442788420573,1.96100187788208
0.038716488069868354,0.8425672992814564,0.1328994462846642,1.0,1.0,-0.213083706672355,0.4189832640809966
-0.7966309227019924,0.10383238852744117,-0.9742027163819678,-0.9050135704929981,0.06473020563670903,0.02541659962242615,-0.898127523629544
-0.3972461789196903,-1.0,-1.0,0.4347557421959591,-0.4689146284356145,0.3525958281821311,-2.6977111590959355
-1.0,-0.8017623828538748,-0.8241447409512607,-1.0,-0.01826317971225906,0.34496613821623234,-4.407796546723681
0.6614649618268794,-1.0,-0.6143920981663593,-0.176944317841031,1.0,-0.4147908244748908,-3.4741679195246737
0.37603717980728923,-0.4528671228364239,-0.9152315455088702,-0.7644287052921901,-0.36764159138225316,0.032640956972525226,-0.6968507761850011
0.15259549157205377,0.32915393700358764,1.0,0.09397063098229763,0.8690366673729782,0.27455317739807783,-1.081695940854554
0.7451924531797672,0.6076433829589849,0.8186568981102951,0.5584653890769296,-1.0,0.07769767618985601,2.4431073110749284
0.4724698267367734,-0.2833178970011585,-0.7730935108235769,0.7015038661103963,0.7719975934510122,0.4128217715808391,-0.8856779345608107
1.0,0.09144057642938574,0.38283460428127447,1.0,-0.9713311737093385,-1.0,10.61035952492972
0.6051134305051467,0.7191764122426503,-0.027419703883168833,0.73373249229268,0.36619962793384686,-0.06862907101089422,-0.510628308526131
0.751959490670334,-0.5329220617115573,1.0,1.0,-0.7917201159758733,-0.5251577154885473,4.888566380016529
0.10686581125538952,0.8626880267658424,0.3270890936565646,1.0,0.3938009220276113,0.4293184607825259,-0.8140019615800491
1.0,1.0,1.0,1.0,1.0,0.7822447050503409,-10.105439550905347
0.5421871103767046,1.0,0.49106379859653915,1.0,1.0,0.29341034896130136,-2.884638263374415
-0.5560107861569838,-1.0,-0.5282589802276709,-0.32756307892832126,-0.7890914282050442,1.0,0.16216845484820674
0.35802782718514004,-0.3219170864694194,0.52072856700963,-0.2695944185326534,-1.0,-1.0,4.6299734702120094
-0.9363264606798335,-0.17021993385464995,-1.0,0.11530021121564271,-1.0,-0.6219134724329667,-1.5022926153321434
0.5370787253211788,1.0,1.0,0.6739048059271144,1.0,0.8642560813987841,-6.406099214560688
0.25234734026954153,0.8539980474190961,1.0,1.0,1.0,0.04774328695873009,-4.520730420999703
0.6169075102922668,1.0,0.7753868778801266,1.0,1.0,0.9434335011279602,-3.891196804348586
-0.28064458882388776,-0.23459877693786813,0.3393039227764828,-0.8554915862459437,1.0,-0.684522574705611,3.3819185745694176
-0.2878029721128573,1.0,-0.3820229036247351,1.0,-1.0,-1.0,5.458620115055391
0.8290927161216777,-0.31980956932429594,-0.9104495645054909,1.0,-0.3268839857514372,-0.5110749927766427,0.4347979006246677
-0.051197444597949504,-1.0,-1.0,-0.7410945273906999,0.27503509498812906,-0.2369022160340184,-3.2029446733263898
0.1972033363274801,1.0,1.0,1.0,1.0,1.0,-6.181023824811565
1.0,1.0,0.5182912844673391,1.0,0.17358039703824302,0.48253116076336433,-2.4038888590275995
0.6002298744937411,0.07415360719811792,-1.0,0.29446172825874983,-0.3923179871605182,-0.7298765396802022,0.6289999464183622
0.5789385941547799,1.0,-0.6920133915151265,0.8105230210599885,0.3333043952924344,0.34909244498031744,1.692647395645727
-0.6889476252649291,-1.0,-1.0,-0.5540419254163313,-0.2891820957179446,0.4612398199170562,-3.1447966402671272
-0.9957582439896404,-0.240092505343382,-0.20363548277169968,-0.3728020735911216,-1.0,-1.0,-2.587885204053368
-0.6041321784610818,0.602607526978319,-0.6996063092424905,1.0,-0.35667022496161427,-0.3391609950094534,0.35713307468010624
-0.9101595571381795,-1.0,-1.0,-1.0,0.6142117116467262,0.0394306949698906,-7.196660538208011
0.4936241159676322,0.5450687622532615,1.0,0.4698676422026449,-1.0,0.5525434100912245,0.286553313395622
-1.0,-1.0,-0.3611964434555175,0.8370933398138124,-0.3120680493191281,-1.0,0.3370493371242733
0.8618862139542807,0.39048068291293964,-0.4013752145832552,0.11616962921586105,0.5661069101006857,1.0,2.1831681657263275
0.07116746702133164,0.2079315733971694,0.06027429544093965,1.0,0.4524902600458529,0.9539854117207565,2.907003394272913
-0.11737186152063972,-0.29138440569531593,0.0006256563419691497,-0.8873957533502697,0.41607367187875344,-0.09387082590658613,0.2839474326568284
-1.0,-1.0,-0.6601522697469442,-0.32965456577690544,-1.0,-1.0,0.30436184731691285
-1.0,0.8339903523629753,-0.07732012060671234,0.08463961690148702,1.0,0.17127643132321824,2.4991087272947956
0.2190057451421494,-0.14423935202996063,-1.0,0.7606516563476012,1.0,-0.22697566656529003,-2.2915895462848503
1.0,1.0,0.9546233344717256,0.1461691805535924,1.0,0.7134016682302531,-5.853739379791404
-0.1836840437647853,0.13131917744610644,1.0,1.0,0.5437362214148318,0.19778760710843468,-1.5128973435633029
0.176444367248239,0.5459773240339341,0.6850371967197332,0.9023420584068245,-1.0,0.8371836385822621,0.3204113228545211
-1.0,-0.8646843468303866,-0.34269432676676853,-0.6529127582749343,-1.0,-1.0,2.348339484965043
-0.5690356761475416,0.8559174042311786,0.20524503038882713,0.5562381589447628,-0.38646139406990576,-1.0,1.801681771111762
0.034723735751286705,0.23391186234317046,-0.07737928922251092,-0.31697482700898716,0.3135163113536823,-0.19012588900727967,-0.8517110370288021
0.10399349694998428,0.5836418538349106,-0.038375653199722526,0.05257473780727573,-0.9861016053064886,-1.0,1.9048508838355995
-0.4585526411227775,-0.26274567839968743,-0.22134138114562163,-0.49851068090760936,-1.0,-1.0,0.42810104408357913
0.3109880794065413,-0.9039658909151891,0.100754426747927,-0.46733271926724157,-0.7174419419408988,0.039082286488463416,1.6081443748597237
1.0,0.05254699148603298,-0.8686501421763728,-0.037315800127853516,0.5352112458440577,-0.12512215331688192,-2.095169020552686
-1.0,0.23689459432971938,0.5729180219843937,0.6800889816307853,-0.5421124782136257,-1.0,1.837928419004288
0.6452884286558862,0.2556053332595706,-0.42014900178378745,-1.0,-0.05984025310320307,-0.45725266811558607,0.08745415367123642
-0.9483858639003688,-1.0,-1.0,-0.27548400952918284,0.045086337242269736,-0.3506628961324145,-2.7061070085650396
-0.9978152094889297,0.24567163365028308,0.564926961491924,1.0,-0.5304782830236572,-0.8514309312576399,0.5329486918252156
1.0,1.0,0.006771034509031271,1.0,1.0,-0.6504779518225986,-0.7416355444737086
0.3823918728068062,1.0,-0.47378269171542,-0.6148083873520167,0.25990160635021164,0.0853843963441232,1.6813157769681233
-1.0,-1.0,-0.5356436360768803,0.29154587257149345,-1.0,-1.0,-0.9951204640687115
-1.0,-0.09787621143325409,0.8034820736445913,-0.5156508220807589,0.028495096255252983,1.0,-2.0620707196275623
-0.08339103333830433,-0.8877754968092001,-1.0,-1.0,-1.0,-1.0,5.70191831927764
-0.6094013405318404,-1.0,-0.9885285099020791,-0.41783746674266875,-0.5380376427504847,0.9947586890614948,1.4046565847832453
-1.0,0.4541001134061798,-0.601426660198539,-1.0,0.04581569195738733,0.3186219078359129,-0.4000258297907301
0.39808106593043757,0.9649946028900734,0.8558501546003247,0.04630206179996932,-0.2692010916560936,1.0,0.05758556850971652
1.0,0.5010010609692259,-0.44598832306279235,-0.4021767338558042,0.8443929474582733,0.7739870259221118,-0.6229335828388487
1.0,1.0,0.24916322411373115,0.8679422405590367,0.26698185335327784,0.28881781134553863,-1.0126112204013502
-1.0,-1.0,-1.0,-0.7936364740039847,-1.0,0.5941717455637374,-3.892406888007198
-0.1328657263800587,-0.5133357837939275,0.5382884164561138,1.0,0.2738302110350547,-0.7515336131127597,2.061159644310541
-0.8003688235331721,0.3155653683914022,-1.0,-1.0,-0.19735876577068734,-0.9489750946675459,1.8924685265187975
-0.3999989416010055,1.0,1.0,-0.6951167606623978,-0.424406187951474,0.7372402506280028,-2.651059057922949
0.36671083143692046,-0.1371652073763323,0.55582176487485,0.13896968802583776,1.0,0.9310798712428097,0.08035469093874092
0.5065792342017099,0.16415989376675066,-0.6762620658751122,0.045950959447131456,0.3786409197450262,-0.5369634804935409,0.6066068789890432
-0.43791106759639686,-0.47236464698530634,-1.0,-0.23028741838315026,-0.048687520326516846,-1.0,4.662758431038789
0.7634024616274645,0.43637880842842314,1.0,0.24165634937245234,-0.052360383115875875,1.0,-1.7932191715651233
-1.0,-0.06953604455367002,-0.4240255932028407,0.6157677784970559,1.0,-0.3633079996362687,3.277480337382456
-1.0,-0.6487041553438204,-1.0,-0.5286246534943184,1.0,1.0,5.282381685936061
0.10951272903270948,-0.13166313273437075,0.6106438806167656,-0.7887733161339026,0.6145285729747552,0.14678507795049583,-0.5061277991486686
-0.21650669190676172,0.8336271592375618,0.8174368753635957,1.0,0.3859534378766647,-0.6784091340584033,-1.6539625150778172
-0.03189758937868992,-0.5879266167831626,-0.5162808939160382,-0.0030810652014930384,1.0,-0.0638167578053998,-1.8980970585376338
-1.0,-0.3810419929121408,-1.0,-0.06916310875037579,-1.0,-1.0,2.2357568867530864
1.0,0.6073213969521942,1.0,1.0,-0.5379685102622788,0.22837304780359308,1.1445811494614622
0.6818800295685388,0.3889753107608308,-0.2048814418713361,0.34158206908116173,-0.45783273227873195,-1.0,4.314899091260114
-0.1324314282457542,0.005441468931993432,-1.0,-0.33426876408387335,0.8970941860726607,-1.0,2.615792205245895
0.1055830533412608,-0.08924533869420725,-1.0,0.4038327245521378,-1.0,-0.8631001400118861,0.4275463488616766
-0.7828159397381487,-0.09040688194860955,-1.0,-1.0,-0.5871992900033097,-1.0,2.6101562832883864
-0.42353098387312926,-1.0,-0.12153875482599852,-0.30678412633377716,1.0,1.0,2.554740287662838
0.8950056061107692,0.2857345173813688,1.0,0.3012422777620971,-0.42272152986350287,-0.3606226964979309,2.57238437833024
1.0,0.5469920156349528,0.11408348859242623,0.6163528434199605,0.43681136688506234,-0.26330754412229274,-0.2954589409621523
1.0,0.2894724319518791,1.0,0.8999506310039567,-1.0,-1.0,7.509517297228535
-0.2073731399434514,1.0,0.3490953527181207,-0.2376614353465153,-0.8044868523214364,0.2773035499360994,0.5484838131357642
0.299313644751536,0.6473452748463349,0.036220222147817394,-0.1934153437202054,-0.9553434973947602,-1.0,1.9780430810566025
-0.7060837521616316,-0.12232504957524548,-1.0,-0.30624908660561767,-0.4094941807310015,-1.0,4.041203684755228
-1.0,0.3127497717819108,-0.06665655054790409,0.6003799324317585,-0.13855542391882517,-0.8855108788083649,1.8529273567729119
0.7860214653661548,0.9805282720610475,1.0,1.0,-0.12028773673742993,-0.8752053590988711,1.135595896441492
1.0,0.3877912941430215,0.7155921244885382,1.0,1.0,0.5222760981012962,-4.1867221155631995
-0.4469579538353947,-1.0,0.011587966476957205,0.10195395110267591,-1.0,-0.34133925079799476,1.082413508800167
-0.6926708970549272,-0.3231498676931108,-1.0,-0.9795300538081868,-0.31823103088205595,0.03907197448651588,-1.7733145723121662
1.0,0.7967882310933447,0.5067858130097562,1.0,1.0,0.22350584865889678,-4.148262132847244
-0.45762124781109037,-0.2033988001394623,0.7126311169724491,-1.0,-1.0,-0.3937255226742222,0.9967211887459508
-1.0,-1.0,-1.0,-0.3227520374379862,0.7674902342994163,1.0,2.3598354214323365
-0.4574401958647807,-0.490561076798532,-0.8251571437995323,-1.0,0.31940272657623725,0.17367196594780324,-2.655781760132389
-0.013815210418586243,-0.9154974395048243,-1.0,-1.0,0.19375904063093663,0.2600483003291245,-3.7303809841497366
-1.0,-1.0,-0.2325288064181062,-1.0,-0.7269592802097145,-0.5597204471694632,2.125669265687955
0.04928202403677426,0.25407324642485996,0.9526923619200562,0.5544159703875845,-1.0,-1.0,-0.301902916807018
0.6912503599449396,1.0,1.0,0.6522510091236646,1.0,-0.5645531570634544,-3.9944509597633964
0.6404966920440498,0.6275597632974248,0.49911708676292865,0.7420225619324852,0.16288521537138312,-0.1642876181733796,-0.5006689452090992
-1.0,-0.5278539218909297,0.8812188497560312,-0.022441768404398654,-0.39908758103496744,-1.0,3.1448743042495093
1.0,1.0,-0.04262990278210477,-0.6547725545523564,0.7824484197484853,1.0,4.093634169466357
-0.13160765193160776,0.8145609026756714,-0.07028747538130323,0.545754083610553,-0.9695169977236764,-1.0,1.9445450332940881
-0.9252986523202047,-0.7406125237685603,-1.0,-1.0,-0.8873485803919108,-1.0,4.216073283806255
-0.2963583955653253,1.0,0.9501027927708909,0.7993721320455192,0.4083972251064022,-0.3254518056778227,-2.09333995984289
-1.0,-0.6813749212373101,-1.0,-1.0,0.8929706776513051,-0.6226620133872487,-0.8116917983829741
-1.0,-0.8343691526719714,-1.0,-0.02761876689591891,-0.6797379322010378,-1.0,2.716700747779992
0.48400376694615743,0.020990233891659604,-1.0,1.0,0.13250178851835126,1.0,3.6633868555910767
0.6871989922608546,1.0,1.0,0.3952278483309992,-0.3992507338773296,-0.9490294798848463,1.265261156672074
-0.260652186085238,-0.37728616151683875,0.5526698180494518,-0.7863219044734132,0.08715460779721806,-0.15588041252914442,0.013135663567679229
-0.6231350845656707,-1.0,-1.0,0.02349145349693066,-1.0,-0.519267416786347,-2.984396119583356
-0.08701944585762167,-1.0,-0.3078719149830291,-1.0,-1.0,0.39674782434820544,3.879104227940123
0.2913262908293759,-0.7012411710300364,0.13122226691166583,0.15930220138120485,-0.26830404302155864,-1.0,4.15813432885706
-0.23798882008533817,-0.14307539741100128,0.2561550554674443,0.13251912298091334,1.0,-0.44041414274651824,1.4584715257214231
-1.0,0.13263904485033895,-1.0,-1.0,-1.0,-1.0,1.357045975000397
-0.8949864812185959,-0.5638592119377217,-0.5797962225598732,-1.0,-0.12058292806625737,-0.684760217618462,1.5043143724405192
-0.006157814307659298,-1.0,-0.25557365259277165,-0.42676272098571977,-0.3554501992607497,-0.62876417939415,1.7427009460542524
-0.7135736038011713,-1.0,-0.39404177090275616,-0.023980030866219693,-1.0,-0.19126850618460467,-0.9677442216923938
-0.8533773413121161,-0.6306897604526335,1.0,0.379241527351859,-0.5162787342080954,0.4100638617128731,-2.5782205030487724
-1.0,-0.5972278831860373,-0.20108708307116485,-0.3703887231485934,-0.04426343876436556,-1.0,4.24113671895274
-1.0,-1.0,-1.0,-0.8133206393592474,1.0,-0.2882383954336388,-5.2267029935829
-0.4145081408744121,0.7029604034108445,-0.14522512130508014,0.9819639723069008,-1.0,-0.08535588072696998,0.13393574660431318
0.5635774983971216,-0.5235536513548124,-0.18140808662406316,1.0,-0.3463365506782057,-1.0,4.319784089606014
-1.0,-0.11863355019262001,-0.9639676578096699,0.9930232022450138,1.0,1.0,10.390499458578237
0.30129595725846503,0.5991873145440839,1.0,0.014769090882036373,-1.0,-0.7411370527103892,0.6906411855070174
0.32576037770459143,0.17352696502340348,0.2821231765457197,-0.41003951348116713,0.2161606444494989,-0.20432750364710572,-0.5384954521411932
0.1788434608756213,0.14120995801033692,0.32471474555134544,-0.23682643254637537,1.0,-0.31086222775269456,-0.7177889365353985
0.17970143401340477,-0.07218801538983483,0.7958486595015779,-0.41786255178311005,-0.35645702265121837,-0.307991523825667,0.5544357899611269
-0.6012722606717903,0.6209637607466524,1.0,0.40110080064926323,0.2923587853197042,1.0,-1.571360413799549
-0.3797189119164741,-0.22647504418078968,1.0,0.8380098832017387,-1.0,-1.0,-0.3169868682819066
-0.01018704966809214,-1.0,-0.7027880265496236,-0.08653683534520029,-0.6500524972791086,0.5792643250907877,0.2468929747231775
-1.0,-1.0,-0.18436778969351364,-0.062002504501624436,-1.0,-0.9165983415576515,-0.12899889487889488
-1.0,-0.41774616497693823,0.9594919367751102,1.0,-0.3795817063061905,-0.05150504438363668,-2.059577269567423
0.4517329606663507,0.26763607016787255,0.7919649617523695,-0.20190988738174254,0.3328284148463113,-0.7450480004351645,1.7528709908293298
0.8397665580913766,0.6740314950851642,0.5523586417877202,-0.4721832510840733,0.6339044522306109,-1.0,0.2809136182154886
1.0,1.0,-0.026291958861632048,1.0,-0.16294620656995695,-0.887086978260247,6.837573073810187
0.30047547260787116,-1.0,0.17876419316028863,-0.7355686066405879,-0.24410948049609565,-0.17807719407589184,2.1504471449182483
0.26217817100669016,0.2479058934410347,-1.0,-0.5537269064100852,0.21011018829472808,0.8710124522968918,4.635330263092089
-0.48183137645042895,-0.0225715244734237,-0.46009588492525055,-0.4482864811891911,-1.0,-1.0,0.12775046038383964
1.0,-1.0,0.6405618436248568,0.880130041552905,0.25927505721037025,-1.0,5.515093107629216
1.0,0.26323115556110066,-0.7059365486123264,1.0,0.27330402298629763,0.5506649117035092,-0.9729600841805823
-0.13810896041884674,0.8774469552363023,0.6370567209000844,-0.5110760192028905,0.546905708462432,1.0,2.37610636091035
-1.0,-1.0,-1.0,-0.78630483665396,-0.12966606636610645,-0.5056913964745379,-3.1778653748666916
0.019367508808201928,1.0,1.0,-0.11128676976197138,-1.0,1.0,-1.4384186238894676
1.0,0.3872928903855557,0.14298949697203067,0.7818368820299288,0.6410591220271333,1.0,0.9474312840836998
0.24477996754410708,-0.037453063446497015,0.988656975487761,-0.7854183609821063,-0.23707364441386258,-1.0,1.9240564740743926
-1.0,-1.0,-0.44916026791224284,-1.0,-1.0,-0.614039672556363,2.7635086775577165
1.0,-0.07376741545460896,1.0,1.0,0.002367310311025994,-0.8013174272020299,2.0799085946027533
-0.6529942710314589,-1.0,-1.0,-0.02767844206484238,-1.0,-0.21844100793521193,-4.70120088657204
-0.07667558904457394,-0.4276373219181267,-0.09664326522119071,-0.1774406509937223,1.0,0.707165649146545,1.7040512658687885
0.7319399533114148,0.8510117366549311,-0.7939234852102366,0.0008378800252824004,-0.22878056214915476,-1.0,3.630362175764871
0.8655959066195716,-0.8792755229771392,0.09002911308831058,0.21017656790439643,-1.0,-0.43598801942758225,4.697628489812947
1.0,0.5168578435828342,0.8073993876670664,-0.28714345755676424,-0.5480993493191413,1.0,2.588243962338104
0.40620603652072473,1.0,0.7214111236889222,1.0,0.28809574858858944,-0.46294416596466603,-2.5489491239203375
-0.5207078290244312,-0.4487913617231236,-1.0,-0.11302704075428305,0.5249989237218871,-0.7369308148310026,2.2968813778157555
1.0,-0.38330351994560474,1.0,-0.06650585614207166,-1.0,-1.0,8.653092771311723
-0.8131266370607357,-0.9614658785470807,-1.0,-1.0,0.2017180701952736,1.0,-1.39852424949425
-1.0,-0.6487909795099478,-1.0,-0.44886872961819857,-0.17209914553308192,-1.0,5.173468886001597
0.7143390870082035,-0.06735892392125387,-0.4390956946091932,0.5675969101669409,-0.17586418671967968,0.4863121601178829,1.434900745318096
-0.7631875727411982,0.2392661421064941,0.1682607307542126,0.2682121760142313,-1.0,-0.18492535888241446,-1.3418864330135696
0.3123913016531343,-1.0,0.41713899930475495,0.02529129879779135,-0.718972153794025,0.4623114654522844,1.2623038412706236
-1.0,-0.6490670852009931,-0.7262396823175621,-1.0,-0.8602949851239141,-0.5025781841114074,0.6922512573858961
-0.571160481893662,-0.7367682114125084,0.17234929442894226,0.7063304495753682,-0.6823823159965916,-0.8161498418255373,1.314237893689835
0.9857145019378737,-0.703990940395879,0.6901168924131665,-0.11810437189955805,-1.0,-0.951612292588951,9.424163870902639
-0.5767366530897187,-0.21787735286388732,-1.0,-1.0,0.4604947960974959,0.6166203840726472,0.829372982559356
-0.4516101165383648,0.345233547652584,-0.28370273094488074,-0.11043466928712178,1.0,1.0,7.676957571745472
0.30971703541183465,1.0,1.0,0.6229772254249246,1.0,-0.5701717372027186,-4.178285404484183
-1.0,-1.0,-1.0,-1.0,0.867266515614602,0.4805474278718003,-6.75848966991685
-0.04449653217881938,1.0,1.0,0.2440024386639963,-0.3619806512331393,-1.0,-0.34524155879018736
1.0,1.0,1.0,1.0,1.0,0.3809717636773109,-8.878356079798136
1.0,0.5510974650434383,1.0,1.0,-1.0,-1.0,8.521565628806817
0.46427032572112914,0.5994828587320566,1.0,-0.3831850834874184,-0.21300486681704478,0.8057502186747931,-1.0484657450107733
0.8806109808022105,-0.4662084115658124,0.6029680236873868,-0.12581834453162863,1.0,-0.6463556716185509,-0.7131846097676469
-0.11186451659871155,-1.0,-0.9521718238337318,-0.2555369595746825,-0.14948264811384693,-0.1157237780236039,-2.168184638405347
-0.22276826738167788,-0.32936198204947187,0.4318645250722072,-0.5990999164443778,0.192589361207106,-0.36892827139185247,0.3945259473392426
-1.0,-0.3949472473529937,-0.9752611598684825,0.48049077828855896,-0.47072166885965716,1.0,4.226872500521962
-0.11717345701320317,-0.05541566810261145,0.14149513872099456,-0.4460615338010485,-0.7977959480066161,-0.3393718783355547,0.5271253731441203
-0.32331046162029986,0.7439081872925914,-0.36139064156033696,-1.0,1.0,0.42521241180093705,5.026246404144587
-1.0,-1.0,-1.0,-1.0,0.7863635009167502,-0.013547013551458376,-7.306617899555139
-0.4591818162465267,0.3867497668463061,-0.24709477402889557,-0.4608947810529063,0.7087253460693084,1.0,4.94362420629146
-0.4643593578509364,-1.0,-1.0,-1.0,1.0,1.0,0.08160225400986265
-0.9965168436351988,-0.1473832215676818,-0.6809371203429107,-1.0,-0.7358939515512772,-0.4441868531491391,-0.7522542956843753
-0.04110860510573222,0.383673883864424,-0.30759019843131175,0.3994798041526265,-0.04605025179279809,-1.0,2.5046854195187596
-0.9267557422885413,0.41683789220359246,-0.5372103440328747,-1.0,-0.4194519450009242,-1.0,-0.6874424327823154
-0.11942407035913122,0.3721060653999798,0.9070796332280496,0.3977160513855035,-1.0,-0.1075350016672143,-0.519267981919735
0.3957585748222181,-1.0,-1.0,-0.028835852061987133,-0.4795526748910216,0.7145944065669638,0.4790886727020517
0.26811196111549607,0.7438823577706426,0.8317207530522799,0.633698911327528,0.8951890928237166,-0.18993511506732574,-1.6064687907220403
0.25436609397201604,0.5268880180992737,0.1167100816212292,1.0,-1.0,-0.24711756383639938,2.458190303363929
1.0,0.9639829525696597,1.0,1.0,-0.6386342947747794,-0.4564129704449349,3.844768064669911
0.33410416658051667,0.45249846202202776,0.6831115992974977,1.0,0.7353437283491377,1.0,0.13937461932957576
-1.0,-0.3370023360260287,-0.9212636321339595,-0.492578148302906,-1.0,-1.0,1.4859169208191125
0.6717719298585845,1.0,1.0,0.6605898822352909,-0.47658076898660834,-1.0,2.501107635627294
-1.0,-0.041510478935144146,-0.8786471465262851,-0.1862904681639035,0.8803650125218716,0.3349663264777476,0.3134930910813612
1.0,1.0,0.6455926353697552,0.8024754349415258,0.8259856445431896,0.0017885488825486462,-4.366677253012278
1.0,0.5961046381040562,0.5475981677593944,-0.43457590239811783,0.09022866782113204,0.2863461481343219,-1.2862666942979486
-1.0,-0.24762525288752488,-1.0,-0.16896190267392042,-0.16267276659008822,-0.44069212978334077,0.013909143812750185
-0.29867890651321566,1.0,0.9181544748057827,0.08766276174403015,0.5959292942104473,1.0,-1.5611703668769357
1.0,0.0375863391450455,0.5152545208378421,0.1632514808099852,-1.0,-1.0,7.816642514674373
0.1490016901232316,-1.0,-1.0,0.7354706942820866,-0.9268003685050384,0.4535346722149683,-0.15408220413872686
0.18149589204301086,0.7135537170451933,0.6624912401215476,0.6604290903203989,0.2589611851007473,1.0,-1.0955923288717622
1.0,0.2442657382669597,0.4398660975142198,1.0,-0.6642660754435932,-1.0,8.324988168540475
0.170560430444395,-0.6244414626173531,-0.16379610252631382,0.724637245110286,-0.433340893386314,-0.8407883152198896,2.507902338200038
0.9262482482653286,0.2900290970646755,-0.8438479577495548,-0.2397820108368206,-1.0,-1.0,4.862808811563947
1.0,1.0,1.0,1.0,0.7248579371107118,-1.0,-4.152019526237081
0.1238989413267122,1.0,0.02121356489527737,1.0,0.45869444433999834,-0.18863953637859254,-1.4048241235584837
-0.8981177751947722,-1.0,0.4618480855735151,0.8881678396234604,0.3589743464026176,1.0,1.6299750900833896
0.9249606564428376,0.24870674482593624,0.675974063256148,1.0,-0.21391770484218564,-1.0,5.05860354139844
-0.6536633052017796,-0.361839174557265,1.0,-0.06647667016519782,1.0,-1.0,2.589714593705695
-0.5511218461395617,-0.4900243438636852,-0.7036985388498047,-0.8779687430567534,-0.9871290412892657,-1.0,2.2824406243652886
0.03385895505239739,-0.5303271696347391,-1.0,0.11721272186898274,-0.30740238172047607,0.6232117203879864,1.6154083263120516
-0.4883935280384535,0.09179283155691809,-0.22906720836814978,-0.08330090334526319,0.4083517907667692,-0.33103696438492536,0.403918961558624
-0.5479719278479747,-1.0,-1.0,-1.0,-1.0,-0.3195574428644633,0.6320370110473263
0.20350977295043102,0.7299084356840073,0.44228730188467535,0.06636493118890419,-0.09633832087710804,-0.9423898187025663,1.2005583998052873
-0.6463664949165766,0.399732220800038,0.995093004426896,1.0,-1.0,-1.0,0.549867667557872
-0.9707839283111768,0.3328664306390704,-0.424804865473446,-0.6379937742140421,-0.8439839228785952,0.04536468717227998,-2.1067122581374926
0.5234225107776436,1.0,1.0,1.0,-0.7916124177656405,-0.35364300692929074,1.7252241148853875
-0.22908763784824027,-1.0,0.08068901033355835,-1.0,-0.9048473065641642,0.21646247364376237,3.378181749692442
0.8262110849376131,0.40789089183223104,0.8514727412542761,0.03779146010005563,0.14259536355388658,-0.6448867811166614,0.8926635054564064
-0.37902779474709736,0.1994590118359712,-0.26036649838792303,-0.14933126537918748,-1.0,1.0,3.6130647871254107
-1.0,-0.6003913789786237,-0.7727724324107168,-0.6911386502051693,-0.9627437267671131,0.651995190428077,-1.5991250710735763
-1.0,-1.0,-0.01662402851332767,-0.7472535557517657,-0.16757569175076353,1.0,-2.929600407053103
0.33896309137334624,-0.3664860863730924,-0.6969109326472998,-0.2673856982419354,-0.3004051911486211,0.209771689564062,-0.4422416104918988
0.0480079761867513,-1.0,-1.0,0.7832341123351482,-1.0,-0.7754593936755443,-2.7442596723540653
-0.6583117619769128,0.15869731577878685,-1.0,0.17695951136147045,0.5584351138621324,0.6065937792667027,2.99017338608085
0.2816661714901403,-0.3257331496581472,-0.7460433158113811,0.9737307461722453,-0.17215125292452893,0.7026477523803141,2.1905840372273335
1.0,0.705219294261911,-0.7155373905506,1.0,-0.5463795604925217,0.1698023689388709,3.3180095976508026
-0.36249459425508546,-0.6717132623755211,-0.5833949214096412,-1.0,-1.0,-0.9037544156934496,4.4770039016865875
-0.841847700892154,-1.0,0.662293200953817,-0.09882271021878765,-0.07315307961125753,0.14367095604444002,0.9358181484984669
-0.6194067279072364,0.006112273801765419,-0.9562680780694285,1.0,-0.15165614963749152,-0.0159608833624425,-0.4807032883189053
0.8059704299950986,0.29699837071923174,-0.6592563135582731,0.39129377145817745,-0.43443277923302426,-0.8360276557746408,2.377144070806882
-0.1917079762945628,0.4597826384180455,0.9500824810993839,0.4185246613301169,-0.06490053051537864,0.8132426226123914,-0.6494106138998905
0.8413060331791056,1.0,1.0,1.0,0.8618761407639302,-1.0,-5.271129289167364
-1.0,-1.0,-0.3887493913273077,-0.5357874411075123,1.0,0.9660421611679844,4.126930836656311
0.9351611326258651,1.0,0.8734261248984379,0.029561176687468604,-0.39812982322907026,0.9177997754239622,-0.7452580251424419
0.24770934534324907,-1.0,1.0,1.0,0.6605873261824448,0.006137405160267395,0.7380837841063382
-0.09932788826086536,-1.0,-1.0,-0.2061977535351187,-1.0,-1.0,1.0916293448379804
-0.5501100327806148,-0.3422612735534646,-0.22689570464243947,-1.0,0.11654459729043021,0.5736756505621399,0.4299741727330008
-0.5501503426113366,-1.0,0.2356222865260703,-0.9786980443839528,-1.0,0.04792506932734142,3.8917799525918997
-0.22555613397334984,-0.19418767901995349,-1.0,-0.7217294937358358,0.6322549049979186,1.0,5.80730980018147
-0.2739993434924393,0.813545568459404,0.8720281528411077,-0.3499777012329207,-0.014484414644336197,-0.7405648561453965,-0.4339456281241596
0.9472097007146864,0.14295128506553118,0.08227094776144844,0.054874844016996605,-0.6527470518062306,-0.09021066898636154,1.6719788001666371
1.0,0.030323793136351473,-0.31744393215757843,1.0,-0.9992813129528553,-1.0,6.796960266289057
-0.9310135027383165,-0.7041479760510807,-0.8353984054927088,-0.8440006023925085,1.0,0.050915402642491614,-2.259191826192008
-0.1392829845776251,0.17119608028085298,0.15866487563093168,0.03647847588174902,1.0,0.33818271930553995,0.9383115352251141
-1.0,0.8391679957066397,-1.0,0.5662965969141637,-1.0,-0.1594881428885137,-0.03820528798000189
1.0,1.0,1.0,0.6624646487909789,0.5762363944789072,0.2515486740998847,-5.1385579075315935
0.17472881136472018,0.16705196962029037,-0.01527832668043061,-0.48834955288136883,1.0,1.0,3.8205636716332716
-0.0830846160628107,0.22838289105233434,1.0,-0.585223328164717,-0.009843334757545064,-1.0,2.0337223393852373
0.4671017799380406,-1.0,-0.7341110581702215,-0.9520479441400147,0.7626916047774154,-1.0,2.4605612640638403
0.13708171513585077,-0.4733271019907792,-0.2363347996213569,0.503742325366486,0.17794772776157974,-1.0,2.9590809986930835
1.0,0.33483057966673135,-0.6864304580073524,-0.17172782969380262,-1.0,-1.0,4.9434789432287305
-0.5266720156793478,-0.15915414311697296,-1.0,-1.0,0.5560492498747942,-0.037645934560487065,-1.34936720322091
0.886390872606485,0.5811795644675205,0.3800907259120122,1.0,-1.0,-0.017852694638397004,3.513135755104973
-0.07587128099490426,0.6993483771828714,-1.0,0.019112855589799582,1.0,-0.07219269641151493,1.517257811064554
-1.0,0.11136825231555258,-0.8529639703874485,0.5911172133763345,1.0,0.4827876446646775,0.8078338535983527
-1.0,-0.7099810223146731,0.7660042136317434,-1.0,-1.0,-0.4602838960761187,3.161423165344
1.0,1.0,0.2005410476997922,0.3529931440359826,-0.7614996342795772,-0.4315345793736056,2.256067334792172
0.03516193624148935,-0.8045164973092983,-0.24444010862216897,-0.9032588791306397,-0.26577982289105556,1.0,1.36177625134928
-0.7298362053915063,-1.0,-0.8456152174851663,-1.0,1.0,0.1343732922654397,-4.490810430061437
-1.0,-0.35772904472623746,0.12584696053752403,-1.0,-0.122352308157615,-1.0,3.54345317267582
0.14351210545158866,-0.13248261973038167,0.2965542055851511,-0.5823339840721977,-0.2732186301509191,-0.15086605107344658,0.7096852268501213
-0.10933089682681461,0.35774637298389755,-0.8294697736081236,0.5009651458897069,-1.0,-1.0,0.7584079095155787
0.3264050841472885,0.025547126081137295,0.5292736919833736,0.9167767670152129,-1.0,0.49742901002468076,1.5325123384131807
1.0,1.0,1.0,0.4737113992758414,-0.19007195133193783,-1.0,3.5190230405955125
1.0,-0.7759301316313922,0.5326971498532422,1.0,-1.0,-0.13429913908532243,5.990215944105356
0.15860784572682235,0.7127385069919725,-0.3521012058836025,-0.3044498757358325,0.021614456333808207,-1.0,1.9986909699427184
-0.04626049811356019,-0.07412871697412887,0.013241918520378412,1.0,0.2990614094439564,-1.0,2.8823906617968325
0.6998541293183581,1.0,1.0,1.0,0.9267817074501559,-0.1883009394308463,-6.378302983726859
-0.9195142754959136,0.15817175780628062,0.3242111699483642,-0.4966446195292298,0.46430571666793546,-0.29762687130965126,1.5000477676546797
1.0,0.9249021305844807,0.9500170835146551,0.01156642601010116,0.9075534984587396,0.5548061006309822,-4.600635635344154
-1.0,0.12863466270697896,0.11547376502715168,-0.06557603057959749,-1.0,-0.26220319695379635,-1.6903083959085439
0.9623165634216126,1.0,-0.3294443083429089,1.0,-0.46732487157078784,-1.0,8.389112548622204
-1.0,-0.07836195126591639,0.5851586993280483,0.23488024485723907,-0.9778195018704869,-0.161780115296845,-3.4982902183810136
-0.1723581685217619,0.23548286489992715,1.0,-1.0,-0.19899964358222771,-1.0,-0.4195296698816532
-0.7025053685375309,-0.6449784951330523,-1.0,-0.4117749714168294,0.35980373774352514,0.8556390735059194,3.1675560010882875
-1.0,-0.5312033411238204,-0.7462366145716429,-1.0,-1.0,-0.5776553845021016,0.7344722343496695
0.7728230907426709,1.0,1.0,-0.49395066435804924,-1.0,-1.0,0.8584227094831904
0.21673954829032227,-0.8053517072147909,-1.0,0.03747359727844706,1.0,0.5780635758912509,-0.3900210210436254
1.0,0.8437225352003552,-0.5925177802500439,-0.5623721818371451,0.6748383297004443,1.0,3.8558375477850895
-0.5836129063687207,-0.5828024170211547,-0.0221865615044603,-0.41789426525181317,-0.8846363532094674,-0.5612505540174022,0.49538832105992103
-0.24688804822473087,0.691554018439928,-1.0,-0.45362750505679317,-0.2263310316281148,0.11718664015430547,0.6940601643522774
1.0,-0.025894453396671513,0.26711987915372026,0.07619598092679924,-1.0,-0.4250964631378682,4.006653085011861
-0.5581654730164648,-0.0898643289146892,-0.4965851556862688,-0.026848413229833,0.022209469647187063,0.05393422446596685,-0.38107922395615723
-0.20487136310836007,-0.07468545351106926,-0.2165919125409309,-1.0,0.3522492516219855,-1.0,3.040558902879514
0.1617253762871234,0.31766919249570014,-0.6471381434152781,1.0,-0.33073414691260383,-0.5408059719775641,0.07435240975759771
-0.5284489926336418,0.45190292987148634,0.7389749725206927,1.0,1.0,0.6437809723192635,0.6888097976345904
1.0,1.0,0.5835872749415019,0.37225531586802973,-1.0,-1.0,5.847014207964723
1.0,0.5978171831600252,1.0,1.0,0.8574959910326105,1.0,-6.50833792216062
-1.0,-0.8271538999486789,-0.45541071136906297,-0.8890819105989256,-1.0,-0.45965898103189784,1.652533238438077
-1.0,-1.0,-0.8128393014060863,-0.23924796748864763,0.1733191201802164,0.5508891758620134,-2.7280976798737178
1.0,1.0,1.0,1.0,0.4106032006541669,0.16009163013117012,-5.949763113867341
-0.027581963119814867,1.0,0.9961992715327443,0.3885055290462443,1.0,-1.0,-2.427023265720509
-0.5766409000559249,-0.5890727250253864,-0.6027085870710984,-0.3677231986123983,-1.0,-0.4708830088347373,-1.3510496019684033
-0.06533100105682332,-0.21866009177571055,-0.3644348228815234,-0.7700544358105166,-0.7190314827290488,0.6536981480749087,2.1116439492869916
1.0,1.0,0.3545183821080089,0.877510654704212,-0.46257146155568557,0.817851938122977,1.6985348381437397
0.019795483174227413,-1.0,-0.018869395547633006,-0.7966068965353661,-0.5185010168677219,0.21736068786547239,0.7981857205563871
-0.9522560309214766,-0.7294596451898193,-0.33354717296732433,-1.0,1.0,0.6757837754712346,2.69645629449008
1.0,0.0981104473210328,1.0,-0.08207964548542174,-1.0,1.0,4.084636473657404
0.8679960078938288,-0.3086975701577355,0.8484247468038888,0.6597752011934541,-1.0,-0.7216845268512784,7.7773546813484735
-1.0,-0.4657181606903227,-1.0,-1.0,1.0,0.1487672348573726,-3.2310218182891592
-0.29159839463069936,-0.4356359522868136,0.9672027672517036,-1.0,-0.04275561422600449,-0.49548113272672123,0.2956764256205398
-1.0,-0.6513611627183298,-0.23719429199893538,-0.9686668635490197,-0.8220568572408387,-0.8951836696049786,2.0204143182101637
0.35510621363635525,1.0,0.23725350988511168,-0.43869207828232837,0.36407152722946057,0.15452429838294268,-0.6786798631443567
-0.08276283219321329,-1.0,-0.02089045543911927,-0.8564036711943674,0.22011719934652296,0.6972106879978184,-1.6455115873548802
-1.0,0.13244587671821545,1.0,-0.06063885835486671,0.347097575394678,-0.33154659696621724,0.7551994841535553
-1.0,-0.2582954989736233,-0.6299706531401655,-1.0,-0.8683402214888037,0.7380675399178509,0.5305958972905185
-0.5777161117943663,-1.0,-0.2520993127104682,1.0,0.43918342064789856,-0.07455547931423945,-1.3452753884912185
-0.20294570605036527,0.14084569235556477,0.702237344758306,0.26651287998476747,-0.17269735543214615,-0.1451797834811549,0.37484944810930243
0.5585781283560568,-1.0,0.21226207116318208,-0.31690132053529574,1.0,0.6205481384173825,-1.35986388716769
-1.0,-1.0,-1.0,-0.43159610330145504,0.17793938205410598,0.031304796078255315,-3.367133283859464
0.40027349399118217,-1.0,0.5454057906820334,-0.21238134067005232,-1.0,-1.0,8.493947052374695
-1.0,-1.0,0.16511617003569495,-0.9789683299287449,-0.7148038257422566,-0.12895963257111934,1.3627708256812163
-0.6271394507742498,-1.0,0.41297084788285626,-1.0,-0.0025626472728756955,-0.5005622456924692,2.345911361373972
-0.4320311111924948,-0.059932212710898325,-0.4217471776430768,-0.48960936350293993,0.4796711594905424,-0.006019496600825569,0.17224077189507414
-0.21271009502791277,0.04626789929869579,0.04694069878903062,1.0,0.3709849513260935,0.19874348889545085,-0.11278947364478953
0.5743175700604581,1.0,1.0,0.9885344064320023,0.37996815757513797,-1.0,-1.3036495245660566
0.35480766606542435,-0.2976205942312286,-0.954883005324967,-0.8759326638535682,0.0957747193195706,-0.25672137752355534,-1.455519293528358
-0.5292264052606962,-0.1775764755716553,-0.47951138704091745,-1.0,0.9693533730911756,1.0,7.330472223849831
0.012721217775454208,0.4511811639181127,0.17274756575410916,0.19815399515871324,1.0,0.9320357424571857,3.482474380142602
1.0,0.7195201698707927,0.6611175467949919,0.32687088161871247,-0.10015454699591826,0.30689460554349624,0.4356984271363613
0.7365948076755261,-0.05135570001117318,0.7952255980697869,-0.4348458163641088,-0.21729929402852788,0.7722647988758271,-0.09475172572841001
-0.46052983878066955,-0.6338551606265472,-0.4057264033472079,-1.0,-1.0,-0.469993066986226,2.442139785987255
-1.0,-0.9866833512711257,-1.0,0.11237751245422378,-0.6377058832915922,-1.0,1.6108526998402577
0.8675800290508395,0.6889176868326481,0.44618598789888786,1.0,-0.2807704418114423,-1.0,6.391998504563439
-0.024342653613696086,0.05168224936041708,-1.0,0.3808312188587233,-0.7539242321642772,-0.2438118088307341,0.21689855766993227
-1.0,-0.8048858206961318,-1.0,-0.8651174587351436,-1.0,-0.9685462061741839,3.4025425395881204
-1.0,-0.5589493304038824,-0.03835998901981519,-1.0,1.0,0.40691086371331353,3.5723201228910235
-0.2757260166573431,-0.41233117998208224,1.0,-0.43356821548372343,0.028355882425582735,-0.03907864657757587,-0.8676770223329607
0.8407182840465673,-0.016874291568477973,-0.925726316304087,-1.0,0.9570335541439168,1.0,0.4628189183075453
1.0,0.28658313401252977,0.9556119127049707,-0.16508823925631444,0.19403054853768764,0.022602657815773863,0.11407827457085856
-1.0,-0.6101361368347011,-0.1062290728097972,-0.5986634266021782,-1.0,-0.23650678111352838,-0.44103599527891046
-1.0,-0.41209877673602535,-1.0,-0.9615679490734805,0.31056305029727016,-0.8835663891339675,3.8713620015246963
-1.0,-0.9014768838392812,0.3978114898322258,-0.7472514055098688,0.35402917159402547,-0.8674437129855259,6.1933312819869695
-0.1106286876972219,-0.011874921075669342,1.0,0.20316478167290786,-0.08916953228052733,-0.6073498945578295,1.6356951240174336
-0.47385894792527417,-0.3389536157530343,-0.5594349272826082,0.10330441782807454,-0.3696089119295025,-1.0,3.0492306471459347
0.16284046557085163,1.0,1.0,-0.773347639542334,0.1809068627979451,1.0,-1.5592986645084748
-0.7907400938578348,-1.0,-0.9666613514593493,-0.20634235894658737,-0.831822937397668,-0.6083325661860461,-2.0559645042634345
1.0,-0.28660483119989966,0.15412139371237576,0.9830057717150081,-0.6596390473566578,0.07844554451361829,2.9741149438311143
1.0,1.0,0.9601514053504098,1.0,-0.8991799345004262,-0.4765109141364475,5.879197370040578
-0.5539495907594811,0.6386426366889543,-0.020513607391532795,-0.7329497274045127,0.4966117453019764,-0.08019179408837906,1.367876875465542
0.45535696470240483,0.3555778278983354,0.4175563571635627,0.663111471108643,1.0,-1.0,0.9631911189776743
-0.05649246998444535,-0.9765473150251645,1.0,-0.11338255347434653,-1.0,-1.0,4.638488141811113
0.16443149388830847,-0.3579389812348508,0.28896947888873037,-0.44606440130132147,-1.0,-1.0,4.154535217660809
-1.0,0.3009111178280013,1.0,-0.09702916297527517,-0.15409644637588604,0.03847901323833497,-1.0187407986355248
-0.2057837900068522,-0.7869932368565103,-0.02512919241914635,-0.0854549851663251,-1.0,-1.0,1.3698339575240512
1.0,1.0,1.0,1.0,0.7988647826500599,0.7286486382572461,-9.31264507791169
-1.0,-0.11747870197141419,-1.0,0.34990293004411843,0.3320587609982566,-1.0,6.523586869703402
0.7764417163558451,0.3492040969620993,0.13062232176721789,1.0,0.3786981899844555,1.0,1.9420017669439125
-1.0,0.3200352598803451,0.06013723947650118,-1.0,-1.0,-0.21822746057441944,0.047296035641959056
1.0,1.0,0.015471007705678108,0.20645573078823132,1.0,1.0,2.957357491366759
-0.13170149219199634,-0.9687263240842332,-0.3462493707246175,-0.2703422388506376,0.6468141363767607,0.36546909373639946,-0.10212731846905754
0.5592803782104139,0.9773635267658893,1.0,0.9546393885107403,-1.0,-0.1792079949271571,1.639578324435824
-0.527913362543296,-1.0,-1.0,-0.6248621853949063,0.9820025584050371,0.8538371759797844,-1.0448194965014135
0.3971377616949038,0.7398955780417726,0.717093849175829,1.0,0.5787115993761724,1.0,-1.4470383656178876
0.730959729818379,-0.743102473265574,0.22156186865250183,-0.2611408781560699,-0.17022932184470263,-1.0,5.78941765278947
0.06770513426111271,-0.17191606705646903,1.0,1.0,-0.3957424439765811,0.5357079558495834,-2.7459412965297876
-0.5437166592785012,-0.2809009891694263,0.4842653507907879,-0.3173067782955841,1.0,0.5418355291519323,0.9011060832194047
-0.2961468297732843,-0.07587629043943508,-1.0,-1.0,1.0,0.15188569591397938,0.4672072089694851
0.2407791356769508,0.22228455197555647,-1.0,-0.1538084916165714,0.8134420727243195,-0.15266280458702386,-1.2114976031596334
-0.2189445990447173,0.34903244848174625,-0.9963752391414578,0.6679679093182611,-1.0,-0.25492747531911186,-2.0685723794416075
-1.0,0.07650430045852397,0.3713085785462066,0.3623142405932847,0.12148668807754032,0.08771184197052384,0.04963895631307711
1.0,0.6928071011958841,0.282656205764106,0.5692934879709951,0.28213782078457517,1.0,0.7453751566776947
0.24253681106436992,1.0,0.6683320980696629,-0.5045011347163889,0.20043952636400827,1.0,0.8569878179090804
-1.0,-1.0,-0.6333209219905553,-1.0,-0.6100645800939009,-0.7453701361429346,1.094675609511852
0.6378588417245568,-0.028068559257374046,0.3157310231907301,-0.31594799364369175,0.7106060724944031,1.0,1.3889384773391495
-0.6188389072253881,-0.6898569711950968,0.01737194609010384,-1.0,1.0,0.9674816785465574,2.853382581593814
0.8518209264077571,-1.0,-1.0,-1.0,0.517350644681208,1.0,-3.3743664778155953
-1.0,-0.2667733256797623,-0.259198557214978,-0.6074789937688384,-1.0,-1.0,-0.47572607465390493
-0.9436558213959945,0.6363571101499029,-0.03901537051904311,0.9157445288778664,1.0,0.3656841885760374,2.6928607045331105
0.08356781628097398,0.5862778307874519,0.18517032664757083,1.0,-0.5258058415222142,-0.4938684815640637,1.3828209594330612
0.9992887896676549,0.33066898218970175,-0.7528023410489639,1.0,1.0,0.06442581622781263,-2.977625701109943
1.0,1.0,0.5653280926462873,1.0,0.16272226058345846,0.02010704251308299,-0.9262924490830707
-0.14569276285436436,0.2090629798174176,0.6391076127157866,-0.26002509981810373,-1.0,-0.3330254898973105,-0.13800389566457166
-0.23694772605336836,-0.4694307468813952,-1.0,-1.0,0.24636222747055314,1.0,3.3079156074399347
-0.45282807907959177,-0.9396907679032068,-0.18575946927252107,-0.4392844310342921,1.0,1.0,3.0685954902096286
0.7216785530191134,0.2206925855102868,1.0,0.08616662921508467,-0.8422821723358744,-0.13029310468552915,2.3566910483117836
0.49069382773716586,-0.9376170751879397,0.0876714508816338,0.24130165482928934,0.6562687045016936,0.8321200097718318,0.22243235054042182
-0.15732674701897886,0.8916517577794166,0.03994464250418428,-1.0,-0.10211304381947262,0.8285224745133293,3.7661246732270164
0.025994991581236637,-0.9479884726151193,-1.0,0.40529704449856174,0.2281875453372617,-0.1105377178775434,-2.4174658107146607
0.26324828416235,0.5128898062965808,0.7510971088823951,0.35501293765630737,-1.0,-0.7340728767049285,1.090474899581541
-1.0,-1.0,-1.0,-1.0,-0.20167010297012888,-0.9635667297876891,2.684080941134111
-0.774509554831162,-0.22931940259177486,-0.7574328505435034,-0.3148115014835735,0.6999137803045541,1.0,6.276109899818807
-0.40421669595167187,-0.7062751189317377,-0.9416739355777872,0.8653916746206355,-0.4242233039834352,1.0,5.593981134946053
-0.7493176486903236,0.0382966289940585,-0.38728173384414666,0.06586463797361614,0.06483551026611456,-0.9976307877820365,3.1733342638466815
0.35800575231700105,1.0,0.028316924013838674,0.5855885044159971,0.6160281966223748,0.5905908626624222,0.5416247576111228
0.5111488929071851,-1.0,-0.07693652495082182,-0.05763624703160941,1.0,0.3489715613342531,-2.3202406512932754
1.0,1.0,0.2861575375394141,1.0,-0.12179164407051157,0.0749946832176914,1.3855531693982446
-0.6832867703202152,-0.1835627703562348,-1.0,-0.8072123368808559,0.6179974926145573,0.8832297609887003,4.700586495810269
-1.0,-1.0,-0.21294055114742805,-1.0,-1.0,-1.0,5.491907974574473
0.389302645441555,-1.0,-1.0,0.5978162443661407,1.0,0.0646696750916731,-3.443128738069297
-0.3050622944946583,-1.0,-0.13623486772397342,-0.5637809822292621,-0.126797691079641,0.18704564136238758,-1.1447001355745279
-1.0,0.42371677275889,0.055950362077658355,-1.0,1.0,-0.3264555528830465,5.346523254498288
-1.0,-1.0,-0.417574559148147,0.5585757076357883,0.008749429513441265,1.0,1.287027239012426
-0.2649740029045785,-0.3944381255505176,0.6903055486677392,0.9781214389114326,1.0,1.0,2.912887789849097
1.0,0.19584183073936778,1.0,0.44320614492632027,-0.6727923165954701,0.3855591973568474,1.9853692845278812
-0.9819775453577607,-0.3926994797998177,0.12528775024018401,0.5585484164957756,-0.39646493387990595,0.6422169284014732,-0.8422655322229169
-1.0,-0.24126777167381697,-1.0,-1.0,0.6364724226476273,1.0,5.401797471130567
-0.7440937164003512,-0.6737564013662551,-0.16624535882463864,-0.5957985652860951,-0.119545949349807,0.7363410715462861,-0.8093907081606878
0.11378647910738693,-1.0,-0.6394760134139792,-0.8926793725001906,-0.2557927891309817,-0.49643798107642223,0.42541715163830446
0.24013670031701112,0.4086341447335686,0.670936138131595,-0.6477384408612759,0.12058406085206524,-0.8403798405385469,1.6603525850451195
-1.0,-1.0,-0.6056008492876199,-1.0,0.5506770242043726,-1.0,4.094460280664503
-0.5580977669402307,-1.0,-0.12239734786058143,0.6315974154027546,0.9237317224201893,1.0,4.293171581471637
-0.5049756696097003,0.30817365913663447,-1.0,-0.49604133464748956,0.6379558355670654,1.0,8.987254107187768
0.9712946955491941,1.0,1.0,1.0,1.0,1.0,-9.905245486792031
-0.2401565759420201,-0.22126494460705848,0.5133837095212366,-0.2581515760600399,-0.24769699169762815,-1.0,2.8913817867802862
0.6829016421866698,0.7312610996909801,0.12062761291920261,1.0,-0.01849097335648242,-1.0,4.903315110309499
0.7157987663217821,0.05262663650049085,-0.2736113872104442,-0.437254933472059,0.13130411250278096,0.014987369063506062,0.7154713061059761
-1.0,-1.0,-0.5820119506765464,0.00048320059629775036,1.0,0.2456195940581687,0.32846020656301833
0.506123331123487,-0.2100041601574018,-0.41517511536409535,1.0,-1.0,0.47441964303080597,3.09461264055504
-1.0,0.013959690154316043,0.5627528321602412,-0.24357850510794377,-1.0,-0.8968183803801643,-1.7644501468650977
0.46115984427145706,1.0,1.0,0.898348909810641,1.0,1.0,-6.411826137551794
-0.44612472327834973,0.33754805619399125,0.9848267724181259,-0.9926365925627151,-0.3672478663863332,-0.25355071503890175,-1.230946085597374
0.143656087374183,1.0,0.07397247048994493,1.0,-0.7146960243531466,-0.26291165475004996,1.549656527556767
-1.0,-0.7768856620503997,-1.0,-1.0,1.0,1.0,1.9268572506843582
-0.17678918291264656,-1.0,0.32275172601226687,-0.0329104383392288,0.8555639481084655,0.9890920414914437,3.6607042990420036
1.0,1.0,0.353887468776968,1.0,-0.6289378316672867,1.0,4.565934151656306
-0.22262219799291655,0.04347281127628819,-0.566321988212942,-0.7744815998438634,-0.2836345456799504,-0.27783631179261326,-0.02666586973191082
-0.879525539952589,-0.8595437559666762,0.5210812441485608,-0.20077516851227145,-0.41093445353545177,0.7466364113812072,-1.9733396888542356
1.0,0.04545349055179937,1.0,0.5301549581536467,0.44220498512268525,-0.5929921880814344,0.612931414207607
1.0,0.7067552427532358,0.6457921543287571,-0.9011804862138435,1.0,0.03891604366579393,-1.2100307957550143
0.4520717061544492,-1.0,-1.0,-1.0,0.061734883038005006,0.9467700554878474,-1.0062359897919415
0.15171285537999982,-0.019310408922415534,1.0,-0.4938260869791717,0.34375807506984096,1.0,-2.04210399169787
0.7438809982043035,1.0,0.7914282319723235,0.3730310334195869,1.0,-0.8578561360305355,-3.7678393249980338
-1.0,-0.6237623126524265,-1.0,-1.0,-1.0,-0.9489219793751941,4.71802075070328
1.0,-0.16711008571170022,1.0,1.0,0.5978143453741245,0.689489620079941,-4.8194980654574655
1.0,1.0,-0.06655142230634126,-0.38575322709638654,0.5243921961968865,-0.33206653609785963,-0.6078144655588471
-1.0,-1.0,-0.5618492530250667,-0.6600332563431239,0.41425340932363686,1.0,-0.24013161457269577
-0.8355642028381677,-1.0,-0.5368436943346464,-0.15210530581722748,0.20745368038709355,0.478538953361924,-1.8575773981571069
0.09540412035972962,0.16309535505918427,-0.8019221915866971,1.0,0.2180325395413053,-0.8301866148507248,0.9571075752245891
1.0,0.28490460419624286,-0.2699691659670066,1.0,0.9382862241754191,1.0,0.63062334680038
-0.04866410484148562,0.10506527793566298,-0.8045537560675682,0.4030596376923231,-1.0,-0.9553243989453818,0.3258643068898627
-1.0,-1.0,-1.0,-1.0,1.0,-1.0,1.5627197515398037
1.0,1.0,-0.23143774459532707,1.0,-0.06461326172471055,-0.8746727083467692,5.98200006378085
0.6181886244761389,0.12185009102131161,-0.9754171852941539,0.5245519613130915,0.045156275399561685,-0.8405775779622764,1.2174734711808068
-0.5257124522900112,-0.8509291739449655,0.6540051304640812,-1.0,1.0,-0.09218788844854964,2.3167743485003185
-1.0,-0.0974694226780522,-0.5466934361312628,-1.0,-0.9070254461146852,-1.0,0.520236757003233
0.3561532975150623,1.0,0.35792751460079686,1.0,1.0,0.7402044296472013,-1.7006521837771946
-0.36747283512880746,-0.09122723284770307,-1.0,-1.0,1.0,-0.9478284993283117,3.3182726535978984
-1.0,-0.08999487749743085,-0.6432267472668836,-1.0,0.1481043271135254,1.0,3.314013159224186
-0.9032670182739072,-0.6940137541534422,-0.3522761939459851,-0.9388380777965787,-1.0,-0.09931698941200784,0.9643975547806245
-1.0,0.2783432474059153,-1.0,-1.0,-0.15440658845334015,0.7813229727410385,3.308773990960141
0.8722202616956567,0.03430120504509704,1.0,1.0,-1.0,0.045935144750546886,2.072748353081103
-1.0,-0.8291202135180704,-1.0,-0.44014981089838034,0.6883847470924196,-0.7238095306870086,0.9356854845994669
0.1077005691834203,1.0,1.0,0.0876404267890345,1.0,0.0016951262589866012,-1.9055139605051934
-1.0,-0.3333504615805132,-1.0,-1.0,-1.0,-0.7718850601564109,1.4299145342398096
-0.11070850988228376,1.0,0.7261618729545043,0.6088114118039214,1.0,1.0,0.09604851236054052
0.20818965340260742,-0.3704559497101859,-0.049896643035154564,-0.05330543526952375,0.3823033884864542,1.0,2.4493968430191413
0.4478673446942196,-1.0,0.3002466866580189,-0.04951164371189565,-0.11739594345136384,-0.14979171471753316,1.5475814115730857
-0.6860392074594235,0.23227323233197206,-1.0,0.16064656593483106,1.0,0.8464508000238065,6.689445485086083
1.0,-0.2764819353868185,-0.5159165153818936,-0.8210088876713275,-1.0,-1.0,8.09692214137286
1.0,1.0,1.0,0.2072025679657028,0.6859436235724117,-0.1860997359941025,-3.080943748393002
0.2681935992082183,-0.5240390745454502,-0.5413545098996968,-0.7958190666757965,-0.3203257326542177,1.0,2.6023317718251766
-0.13897185016970715,-0.7117617069272697,-1.0,0.20880040723373616,0.594908142063259,1.0,6.442504265533504
0.9867819436953573,0.026879831174541235,0.757439574744269,0.0193162757706693,1.0,0.4043111281867038,-2.916267173878409
1.0,0.49618275867538264,0.937487924022361,0.2513747855019417,-1.0,-0.8379353869210638,6.57058529062793
-0.3314847942446285,-0.3255937164343675,-0.9725546004688221,1.0,-0.9991312036158078,0.5956522462355096,-0.5386908302679577
1.0,1.0,0.31182413662261743,-0.08919875746991679,-0.8112528425677323,0.46671956582257634,1.1305116885126723
-0.505596767023105,-1.0,-1.0,-0.043300437731647046,-1.0,-1.0,0.6374184698690419
1.0,0.7416151645416218,1.0,1.0,-1.0,-0.6962102387847913,6.532058912771189
